
> react-restaurant@0.1.0 start
> react-scripts start

Starting the development server...

Compiled with warnings.

[eslint] 
src\Pages\AdminDashboard.jsx
  Line 163:6:  React Hook useEffect has a missing dependency: 'fetchAll'. Either include it or remove the dependency array  react-hooks/exhaustive-deps

src\Pages\orderScreen\OrderScreen.jsx
  Line 96:9:   The 'activeCart' conditional could make the dependencies of useMemo Hook (at line 99) change on every render. To fix this, wrap the initialization of 'activeCart' in its own useMemo() Hook   react-hooks/exhaustive-deps
  Line 96:9:   The 'activeCart' conditional could make the dependencies of useMemo Hook (at line 108) change on every render. To fix this, wrap the initialization of 'activeCart' in its own useMemo() Hook  react-hooks/exhaustive-deps
  Line 142:6:  React Hook useEffect has a missing dependency: 'handleRequestClose'. Either include it or remove the dependency array                                                                          react-hooks/exhaustive-deps

Search for the keywords to learn more about each warning.
To ignore, add // eslint-disable-next-line to the line before.

[1m[33mWARNING[39m[22m in [1m[eslint] 
src\Pages\AdminDashboard.jsx
  Line 163:6:  React Hook useEffect has a missing dependency: 'fetchAll'. Either include it or remove the dependency array  react-hooks/exhaustive-deps

src\Pages\orderScreen\OrderScreen.jsx
  Line 96:9:   The 'activeCart' conditional could make the dependencies of useMemo Hook (at line 99) change on every render. To fix this, wrap the initialization of 'activeCart' in its own useMemo() Hook   react-hooks/exhaustive-deps
  Line 96:9:   The 'activeCart' conditional could make the dependencies of useMemo Hook (at line 108) change on every render. To fix this, wrap the initialization of 'activeCart' in its own useMemo() Hook  react-hooks/exhaustive-deps
  Line 142:6:  React Hook useEffect has a missing dependency: 'handleRequestClose'. Either include it or remove the dependency array                                                                          react-hooks/exhaustive-deps

[39m[22m

webpack compiled with [1m[33m1 warning[39m[22m
Compiling...
Compiled with warnings.

[eslint] 
src\Pages\AdminDashboard.jsx
  Line 163:6:  React Hook useEffect has a missing dependency: 'fetchAll'. Either include it or remove the dependency array  react-hooks/exhaustive-deps

src\Pages\orderScreen\OrderScreen.jsx
  Line 100:9:  The 'activeCart' conditional could make the dependencies of useMemo Hook (at line 103) change on every render. To fix this, wrap the initialization of 'activeCart' in its own useMemo() Hook  react-hooks/exhaustive-deps
  Line 100:9:  The 'activeCart' conditional could make the dependencies of useMemo Hook (at line 112) change on every render. To fix this, wrap the initialization of 'activeCart' in its own useMemo() Hook  react-hooks/exhaustive-deps
  Line 146:6:  React Hook useEffect has a missing dependency: 'handleRequestClose'. Either include it or remove the dependency array                                                                          react-hooks/exhaustive-deps

Search for the keywords to learn more about each warning.
To ignore, add // eslint-disable-next-line to the line before.

[1m[33mWARNING[39m[22m in [1m[eslint] 
src\Pages\AdminDashboard.jsx
  Line 163:6:  React Hook useEffect has a missing dependency: 'fetchAll'. Either include it or remove the dependency array  react-hooks/exhaustive-deps

src\Pages\orderScreen\OrderScreen.jsx
  Line 100:9:  The 'activeCart' conditional could make the dependencies of useMemo Hook (at line 103) change on every render. To fix this, wrap the initialization of 'activeCart' in its own useMemo() Hook  react-hooks/exhaustive-deps
  Line 100:9:  The 'activeCart' conditional could make the dependencies of useMemo Hook (at line 112) change on every render. To fix this, wrap the initialization of 'activeCart' in its own useMemo() Hook  react-hooks/exhaustive-deps
  Line 146:6:  React Hook useEffect has a missing dependency: 'handleRequestClose'. Either include it or remove the dependency array                                                                          react-hooks/exhaustive-deps

[39m[22m

webpack compiled with [1m[33m1 warning[39m[22m
Compiling...
Compiled with warnings.

[eslint] 
src\Pages\AdminDashboard.jsx
  Line 163:6:  React Hook useEffect has a missing dependency: 'fetchAll'. Either include it or remove the dependency array  react-hooks/exhaustive-deps

src\Pages\orderScreen\OrderScreen.jsx
  Line 100:9:  The 'activeCart' conditional could make the dependencies of useMemo Hook (at line 103) change on every render. To fix this, wrap the initialization of 'activeCart' in its own useMemo() Hook  react-hooks/exhaustive-deps
  Line 100:9:  The 'activeCart' conditional could make the dependencies of useMemo Hook (at line 112) change on every render. To fix this, wrap the initialization of 'activeCart' in its own useMemo() Hook  react-hooks/exhaustive-deps
  Line 146:6:  React Hook useEffect has a missing dependency: 'handleRequestClose'. Either include it or remove the dependency array                                                                          react-hooks/exhaustive-deps

Search for the keywords to learn more about each warning.
To ignore, add // eslint-disable-next-line to the line before.

[1m[33mWARNING[39m[22m in [1m[eslint] 
src\Pages\AdminDashboard.jsx
  Line 163:6:  React Hook useEffect has a missing dependency: 'fetchAll'. Either include it or remove the dependency array  react-hooks/exhaustive-deps

src\Pages\orderScreen\OrderScreen.jsx
  Line 100:9:  The 'activeCart' conditional could make the dependencies of useMemo Hook (at line 103) change on every render. To fix this, wrap the initialization of 'activeCart' in its own useMemo() Hook  react-hooks/exhaustive-deps
  Line 100:9:  The 'activeCart' conditional could make the dependencies of useMemo Hook (at line 112) change on every render. To fix this, wrap the initialization of 'activeCart' in its own useMemo() Hook  react-hooks/exhaustive-deps
  Line 146:6:  React Hook useEffect has a missing dependency: 'handleRequestClose'. Either include it or remove the dependency array                                                                          react-hooks/exhaustive-deps

[39m[22m

webpack compiled with [1m[33m1 warning[39m[22m
Compiling...
Compiled with warnings.

[eslint] 
src\Pages\AdminDashboard.jsx
  Line 172:6:  React Hook useEffect has a missing dependency: 'fetchAll'. Either include it or remove the dependency array  react-hooks/exhaustive-deps

src\Pages\orderScreen\OrderScreen.jsx
  Line 100:9:  The 'activeCart' conditional could make the dependencies of useMemo Hook (at line 103) change on every render. To fix this, wrap the initialization of 'activeCart' in its own useMemo() Hook  react-hooks/exhaustive-deps
  Line 100:9:  The 'activeCart' conditional could make the dependencies of useMemo Hook (at line 112) change on every render. To fix this, wrap the initialization of 'activeCart' in its own useMemo() Hook  react-hooks/exhaustive-deps
  Line 146:6:  React Hook useEffect has a missing dependency: 'handleRequestClose'. Either include it or remove the dependency array                                                                          react-hooks/exhaustive-deps

Search for the keywords to learn more about each warning.
To ignore, add // eslint-disable-next-line to the line before.

[1m[33mWARNING[39m[22m in [1m[eslint] 
src\Pages\AdminDashboard.jsx
  Line 172:6:  React Hook useEffect has a missing dependency: 'fetchAll'. Either include it or remove the dependency array  react-hooks/exhaustive-deps

src\Pages\orderScreen\OrderScreen.jsx
  Line 100:9:  The 'activeCart' conditional could make the dependencies of useMemo Hook (at line 103) change on every render. To fix this, wrap the initialization of 'activeCart' in its own useMemo() Hook  react-hooks/exhaustive-deps
  Line 100:9:  The 'activeCart' conditional could make the dependencies of useMemo Hook (at line 112) change on every render. To fix this, wrap the initialization of 'activeCart' in its own useMemo() Hook  react-hooks/exhaustive-deps
  Line 146:6:  React Hook useEffect has a missing dependency: 'handleRequestClose'. Either include it or remove the dependency array                                                                          react-hooks/exhaustive-deps

[39m[22m

webpack compiled with [1m[33m1 warning[39m[22m
Compiling...
Compiled with warnings.

[eslint] 
src\Pages\AdminDashboard.jsx
  Line 172:6:  React Hook useEffect has a missing dependency: 'fetchAll'. Either include it or remove the dependency array  react-hooks/exhaustive-deps

src\Pages\orderScreen\OrderScreen.jsx
  Line 100:9:  The 'activeCart' conditional could make the dependencies of useMemo Hook (at line 103) change on every render. To fix this, wrap the initialization of 'activeCart' in its own useMemo() Hook  react-hooks/exhaustive-deps
  Line 100:9:  The 'activeCart' conditional could make the dependencies of useMemo Hook (at line 112) change on every render. To fix this, wrap the initialization of 'activeCart' in its own useMemo() Hook  react-hooks/exhaustive-deps
  Line 146:6:  React Hook useEffect has a missing dependency: 'handleRequestClose'. Either include it or remove the dependency array                                                                          react-hooks/exhaustive-deps

Search for the keywords to learn more about each warning.
To ignore, add // eslint-disable-next-line to the line before.

[1m[33mWARNING[39m[22m in [1m[eslint] 
src\Pages\AdminDashboard.jsx
  Line 172:6:  React Hook useEffect has a missing dependency: 'fetchAll'. Either include it or remove the dependency array  react-hooks/exhaustive-deps

src\Pages\orderScreen\OrderScreen.jsx
  Line 100:9:  The 'activeCart' conditional could make the dependencies of useMemo Hook (at line 103) change on every render. To fix this, wrap the initialization of 'activeCart' in its own useMemo() Hook  react-hooks/exhaustive-deps
  Line 100:9:  The 'activeCart' conditional could make the dependencies of useMemo Hook (at line 112) change on every render. To fix this, wrap the initialization of 'activeCart' in its own useMemo() Hook  react-hooks/exhaustive-deps
  Line 146:6:  React Hook useEffect has a missing dependency: 'handleRequestClose'. Either include it or remove the dependency array                                                                          react-hooks/exhaustive-deps

[39m[22m

webpack compiled with [1m[33m1 warning[39m[22m
Compiling...
Compiled with warnings.

[eslint] 
src\Pages\AdminDashboard.jsx
  Line 11:3:   'FaMapMarkerAlt' is defined but never used                                                                   no-unused-vars
  Line 12:3:   'FaPhoneAlt' is defined but never used                                                                       no-unused-vars
  Line 98:9:   'knownOrderIds' is assigned a value but never used                                                           no-unused-vars
  Line 99:9:   'notificationsReady' is assigned a value but never used                                                      no-unused-vars
  Line 183:6:  React Hook useEffect has a missing dependency: 'fetchAll'. Either include it or remove the dependency array  react-hooks/exhaustive-deps

src\Pages\orderScreen\OrderScreen.jsx
  Line 100:9:  The 'activeCart' conditional could make the dependencies of useMemo Hook (at line 103) change on every render. To fix this, wrap the initialization of 'activeCart' in its own useMemo() Hook  react-hooks/exhaustive-deps
  Line 100:9:  The 'activeCart' conditional could make the dependencies of useMemo Hook (at line 112) change on every render. To fix this, wrap the initialization of 'activeCart' in its own useMemo() Hook  react-hooks/exhaustive-deps
  Line 146:6:  React Hook useEffect has a missing dependency: 'handleRequestClose'. Either include it or remove the dependency array                                                                          react-hooks/exhaustive-deps

Search for the keywords to learn more about each warning.
To ignore, add // eslint-disable-next-line to the line before.

[1m[33mWARNING[39m[22m in [1m[eslint] 
src\Pages\AdminDashboard.jsx
  Line 11:3:   'FaMapMarkerAlt' is defined but never used                                                                   no-unused-vars
  Line 12:3:   'FaPhoneAlt' is defined but never used                                                                       no-unused-vars
  Line 98:9:   'knownOrderIds' is assigned a value but never used                                                           no-unused-vars
  Line 99:9:   'notificationsReady' is assigned a value but never used                                                      no-unused-vars
  Line 183:6:  React Hook useEffect has a missing dependency: 'fetchAll'. Either include it or remove the dependency array  react-hooks/exhaustive-deps

src\Pages\orderScreen\OrderScreen.jsx
  Line 100:9:  The 'activeCart' conditional could make the dependencies of useMemo Hook (at line 103) change on every render. To fix this, wrap the initialization of 'activeCart' in its own useMemo() Hook  react-hooks/exhaustive-deps
  Line 100:9:  The 'activeCart' conditional could make the dependencies of useMemo Hook (at line 112) change on every render. To fix this, wrap the initialization of 'activeCart' in its own useMemo() Hook  react-hooks/exhaustive-deps
  Line 146:6:  React Hook useEffect has a missing dependency: 'handleRequestClose'. Either include it or remove the dependency array                                                                          react-hooks/exhaustive-deps

[39m[22m

webpack compiled with [1m[33m1 warning[39m[22m
Compiling...
Compiled with warnings.

[eslint] 
src\Pages\AdminDashboard.jsx
  Line 11:3:   'FaMapMarkerAlt' is defined but never used                                                                   no-unused-vars
  Line 12:3:   'FaPhoneAlt' is defined but never used                                                                       no-unused-vars
  Line 174:9:  'notifyNewOrder' is assigned a value but never used                                                          no-unused-vars
  Line 231:6:  React Hook useEffect has a missing dependency: 'fetchAll'. Either include it or remove the dependency array  react-hooks/exhaustive-deps

src\Pages\orderScreen\OrderScreen.jsx
  Line 100:9:  The 'activeCart' conditional could make the dependencies of useMemo Hook (at line 103) change on every render. To fix this, wrap the initialization of 'activeCart' in its own useMemo() Hook  react-hooks/exhaustive-deps
  Line 100:9:  The 'activeCart' conditional could make the dependencies of useMemo Hook (at line 112) change on every render. To fix this, wrap the initialization of 'activeCart' in its own useMemo() Hook  react-hooks/exhaustive-deps
  Line 146:6:  React Hook useEffect has a missing dependency: 'handleRequestClose'. Either include it or remove the dependency array                                                                          react-hooks/exhaustive-deps

Search for the keywords to learn more about each warning.
To ignore, add // eslint-disable-next-line to the line before.

[1m[33mWARNING[39m[22m in [1m[eslint] 
src\Pages\AdminDashboard.jsx
  Line 11:3:   'FaMapMarkerAlt' is defined but never used                                                                   no-unused-vars
  Line 12:3:   'FaPhoneAlt' is defined but never used                                                                       no-unused-vars
  Line 174:9:  'notifyNewOrder' is assigned a value but never used                                                          no-unused-vars
  Line 231:6:  React Hook useEffect has a missing dependency: 'fetchAll'. Either include it or remove the dependency array  react-hooks/exhaustive-deps

src\Pages\orderScreen\OrderScreen.jsx
  Line 100:9:  The 'activeCart' conditional could make the dependencies of useMemo Hook (at line 103) change on every render. To fix this, wrap the initialization of 'activeCart' in its own useMemo() Hook  react-hooks/exhaustive-deps
  Line 100:9:  The 'activeCart' conditional could make the dependencies of useMemo Hook (at line 112) change on every render. To fix this, wrap the initialization of 'activeCart' in its own useMemo() Hook  react-hooks/exhaustive-deps
  Line 146:6:  React Hook useEffect has a missing dependency: 'handleRequestClose'. Either include it or remove the dependency array                                                                          react-hooks/exhaustive-deps

[39m[22m

webpack compiled with [1m[33m1 warning[39m[22m
Compiling...
Compiled with warnings.

[eslint] 
src\Pages\AdminDashboard.jsx
  Line 11:3:   'FaMapMarkerAlt' is defined but never used                                                                         no-unused-vars
  Line 12:3:   'FaPhoneAlt' is defined but never used                                                                             no-unused-vars
  Line 231:6:  React Hook useEffect has a missing dependency: 'fetchAll'. Either include it or remove the dependency array        react-hooks/exhaustive-deps
  Line 261:6:  React Hook useEffect has a missing dependency: 'notifyNewOrder'. Either include it or remove the dependency array  react-hooks/exhaustive-deps

src\Pages\orderScreen\OrderScreen.jsx
  Line 100:9:  The 'activeCart' conditional could make the dependencies of useMemo Hook (at line 103) change on every render. To fix this, wrap the initialization of 'activeCart' in its own useMemo() Hook  react-hooks/exhaustive-deps
  Line 100:9:  The 'activeCart' conditional could make the dependencies of useMemo Hook (at line 112) change on every render. To fix this, wrap the initialization of 'activeCart' in its own useMemo() Hook  react-hooks/exhaustive-deps
  Line 146:6:  React Hook useEffect has a missing dependency: 'handleRequestClose'. Either include it or remove the dependency array                                                                          react-hooks/exhaustive-deps

Search for the keywords to learn more about each warning.
To ignore, add // eslint-disable-next-line to the line before.

[1m[33mWARNING[39m[22m in [1m[eslint] 
src\Pages\AdminDashboard.jsx
  Line 11:3:   'FaMapMarkerAlt' is defined but never used                                                                         no-unused-vars
  Line 12:3:   'FaPhoneAlt' is defined but never used                                                                             no-unused-vars
  Line 231:6:  React Hook useEffect has a missing dependency: 'fetchAll'. Either include it or remove the dependency array        react-hooks/exhaustive-deps
  Line 261:6:  React Hook useEffect has a missing dependency: 'notifyNewOrder'. Either include it or remove the dependency array  react-hooks/exhaustive-deps

src\Pages\orderScreen\OrderScreen.jsx
  Line 100:9:  The 'activeCart' conditional could make the dependencies of useMemo Hook (at line 103) change on every render. To fix this, wrap the initialization of 'activeCart' in its own useMemo() Hook  react-hooks/exhaustive-deps
  Line 100:9:  The 'activeCart' conditional could make the dependencies of useMemo Hook (at line 112) change on every render. To fix this, wrap the initialization of 'activeCart' in its own useMemo() Hook  react-hooks/exhaustive-deps
  Line 146:6:  React Hook useEffect has a missing dependency: 'handleRequestClose'. Either include it or remove the dependency array                                                                          react-hooks/exhaustive-deps

[39m[22m

webpack compiled with [1m[33m1 warning[39m[22m
Compiling...
Compiled with warnings.

[eslint] 
src\Pages\AdminDashboard.jsx
  Line 11:3:   'FaMapMarkerAlt' is defined but never used                                                                         no-unused-vars
  Line 12:3:   'FaPhoneAlt' is defined but never used                                                                             no-unused-vars
  Line 231:6:  React Hook useEffect has a missing dependency: 'fetchAll'. Either include it or remove the dependency array        react-hooks/exhaustive-deps
  Line 261:6:  React Hook useEffect has a missing dependency: 'notifyNewOrder'. Either include it or remove the dependency array  react-hooks/exhaustive-deps

src\Pages\orderScreen\OrderScreen.jsx
  Line 100:9:  The 'activeCart' conditional could make the dependencies of useMemo Hook (at line 103) change on every render. To fix this, wrap the initialization of 'activeCart' in its own useMemo() Hook  react-hooks/exhaustive-deps
  Line 100:9:  The 'activeCart' conditional could make the dependencies of useMemo Hook (at line 112) change on every render. To fix this, wrap the initialization of 'activeCart' in its own useMemo() Hook  react-hooks/exhaustive-deps
  Line 146:6:  React Hook useEffect has a missing dependency: 'handleRequestClose'. Either include it or remove the dependency array                                                                          react-hooks/exhaustive-deps

Search for the keywords to learn more about each warning.
To ignore, add // eslint-disable-next-line to the line before.

[1m[33mWARNING[39m[22m in [1m[eslint] 
src\Pages\AdminDashboard.jsx
  Line 11:3:   'FaMapMarkerAlt' is defined but never used                                                                         no-unused-vars
  Line 12:3:   'FaPhoneAlt' is defined but never used                                                                             no-unused-vars
  Line 231:6:  React Hook useEffect has a missing dependency: 'fetchAll'. Either include it or remove the dependency array        react-hooks/exhaustive-deps
  Line 261:6:  React Hook useEffect has a missing dependency: 'notifyNewOrder'. Either include it or remove the dependency array  react-hooks/exhaustive-deps

src\Pages\orderScreen\OrderScreen.jsx
  Line 100:9:  The 'activeCart' conditional could make the dependencies of useMemo Hook (at line 103) change on every render. To fix this, wrap the initialization of 'activeCart' in its own useMemo() Hook  react-hooks/exhaustive-deps
  Line 100:9:  The 'activeCart' conditional could make the dependencies of useMemo Hook (at line 112) change on every render. To fix this, wrap the initialization of 'activeCart' in its own useMemo() Hook  react-hooks/exhaustive-deps
  Line 146:6:  React Hook useEffect has a missing dependency: 'handleRequestClose'. Either include it or remove the dependency array                                                                          react-hooks/exhaustive-deps

[39m[22m

webpack compiled with [1m[33m1 warning[39m[22m
Compiling...
Compiled with warnings.

[eslint] 
src\Pages\AdminDashboard.jsx
  Line 231:6:  React Hook useEffect has a missing dependency: 'fetchAll'. Either include it or remove the dependency array        react-hooks/exhaustive-deps
  Line 261:6:  React Hook useEffect has a missing dependency: 'notifyNewOrder'. Either include it or remove the dependency array  react-hooks/exhaustive-deps

src\Pages\orderScreen\OrderScreen.jsx
  Line 100:9:  The 'activeCart' conditional could make the dependencies of useMemo Hook (at line 103) change on every render. To fix this, wrap the initialization of 'activeCart' in its own useMemo() Hook  react-hooks/exhaustive-deps
  Line 100:9:  The 'activeCart' conditional could make the dependencies of useMemo Hook (at line 112) change on every render. To fix this, wrap the initialization of 'activeCart' in its own useMemo() Hook  react-hooks/exhaustive-deps
  Line 146:6:  React Hook useEffect has a missing dependency: 'handleRequestClose'. Either include it or remove the dependency array                                                                          react-hooks/exhaustive-deps

Search for the keywords to learn more about each warning.
To ignore, add // eslint-disable-next-line to the line before.

[1m[33mWARNING[39m[22m in [1m[eslint] 
src\Pages\AdminDashboard.jsx
  Line 231:6:  React Hook useEffect has a missing dependency: 'fetchAll'. Either include it or remove the dependency array        react-hooks/exhaustive-deps
  Line 261:6:  React Hook useEffect has a missing dependency: 'notifyNewOrder'. Either include it or remove the dependency array  react-hooks/exhaustive-deps

src\Pages\orderScreen\OrderScreen.jsx
  Line 100:9:  The 'activeCart' conditional could make the dependencies of useMemo Hook (at line 103) change on every render. To fix this, wrap the initialization of 'activeCart' in its own useMemo() Hook  react-hooks/exhaustive-deps
  Line 100:9:  The 'activeCart' conditional could make the dependencies of useMemo Hook (at line 112) change on every render. To fix this, wrap the initialization of 'activeCart' in its own useMemo() Hook  react-hooks/exhaustive-deps
  Line 146:6:  React Hook useEffect has a missing dependency: 'handleRequestClose'. Either include it or remove the dependency array                                                                          react-hooks/exhaustive-deps

[39m[22m

webpack compiled with [1m[33m1 warning[39m[22m
Compiling...
Compiled with warnings.

[eslint] 
src\Pages\AdminDashboard.jsx
  Line 231:6:  React Hook useEffect has a missing dependency: 'fetchAll'. Either include it or remove the dependency array        react-hooks/exhaustive-deps
  Line 261:6:  React Hook useEffect has a missing dependency: 'notifyNewOrder'. Either include it or remove the dependency array  react-hooks/exhaustive-deps

src\Pages\orderScreen\OrderScreen.jsx
  Line 100:9:  The 'activeCart' conditional could make the dependencies of useMemo Hook (at line 103) change on every render. To fix this, wrap the initialization of 'activeCart' in its own useMemo() Hook  react-hooks/exhaustive-deps
  Line 100:9:  The 'activeCart' conditional could make the dependencies of useMemo Hook (at line 112) change on every render. To fix this, wrap the initialization of 'activeCart' in its own useMemo() Hook  react-hooks/exhaustive-deps
  Line 146:6:  React Hook useEffect has a missing dependency: 'handleRequestClose'. Either include it or remove the dependency array                                                                          react-hooks/exhaustive-deps

Search for the keywords to learn more about each warning.
To ignore, add // eslint-disable-next-line to the line before.

[1m[33mWARNING[39m[22m in [1m[eslint] 
src\Pages\AdminDashboard.jsx
  Line 231:6:  React Hook useEffect has a missing dependency: 'fetchAll'. Either include it or remove the dependency array        react-hooks/exhaustive-deps
  Line 261:6:  React Hook useEffect has a missing dependency: 'notifyNewOrder'. Either include it or remove the dependency array  react-hooks/exhaustive-deps

src\Pages\orderScreen\OrderScreen.jsx
  Line 100:9:  The 'activeCart' conditional could make the dependencies of useMemo Hook (at line 103) change on every render. To fix this, wrap the initialization of 'activeCart' in its own useMemo() Hook  react-hooks/exhaustive-deps
  Line 100:9:  The 'activeCart' conditional could make the dependencies of useMemo Hook (at line 112) change on every render. To fix this, wrap the initialization of 'activeCart' in its own useMemo() Hook  react-hooks/exhaustive-deps
  Line 146:6:  React Hook useEffect has a missing dependency: 'handleRequestClose'. Either include it or remove the dependency array                                                                          react-hooks/exhaustive-deps

[39m[22m

webpack compiled with [1m[33m1 warning[39m[22m
Compiling...
Compiled with warnings.

[eslint] 
src\Pages\AdminDashboard.jsx
  Line 15:3:   'FaMotorcycle' is defined but never used                                                                           no-unused-vars
  Line 232:6:  React Hook useEffect has a missing dependency: 'fetchAll'. Either include it or remove the dependency array        react-hooks/exhaustive-deps
  Line 262:6:  React Hook useEffect has a missing dependency: 'notifyNewOrder'. Either include it or remove the dependency array  react-hooks/exhaustive-deps

src\Pages\orderScreen\OrderScreen.jsx
  Line 100:9:  The 'activeCart' conditional could make the dependencies of useMemo Hook (at line 103) change on every render. To fix this, wrap the initialization of 'activeCart' in its own useMemo() Hook  react-hooks/exhaustive-deps
  Line 100:9:  The 'activeCart' conditional could make the dependencies of useMemo Hook (at line 112) change on every render. To fix this, wrap the initialization of 'activeCart' in its own useMemo() Hook  react-hooks/exhaustive-deps
  Line 146:6:  React Hook useEffect has a missing dependency: 'handleRequestClose'. Either include it or remove the dependency array                                                                          react-hooks/exhaustive-deps

Search for the keywords to learn more about each warning.
To ignore, add // eslint-disable-next-line to the line before.

[1m[33mWARNING[39m[22m in [1m[eslint] 
src\Pages\AdminDashboard.jsx
  Line 15:3:   'FaMotorcycle' is defined but never used                                                                           no-unused-vars
  Line 232:6:  React Hook useEffect has a missing dependency: 'fetchAll'. Either include it or remove the dependency array        react-hooks/exhaustive-deps
  Line 262:6:  React Hook useEffect has a missing dependency: 'notifyNewOrder'. Either include it or remove the dependency array  react-hooks/exhaustive-deps

src\Pages\orderScreen\OrderScreen.jsx
  Line 100:9:  The 'activeCart' conditional could make the dependencies of useMemo Hook (at line 103) change on every render. To fix this, wrap the initialization of 'activeCart' in its own useMemo() Hook  react-hooks/exhaustive-deps
  Line 100:9:  The 'activeCart' conditional could make the dependencies of useMemo Hook (at line 112) change on every render. To fix this, wrap the initialization of 'activeCart' in its own useMemo() Hook  react-hooks/exhaustive-deps
  Line 146:6:  React Hook useEffect has a missing dependency: 'handleRequestClose'. Either include it or remove the dependency array                                                                          react-hooks/exhaustive-deps

[39m[22m

webpack compiled with [1m[33m1 warning[39m[22m
Compiling...
Compiled with warnings.

[eslint] 
src\Pages\AdminDashboard.jsx
  Line 15:3:   'FaMotorcycle' is defined but never used                                                                           no-unused-vars
  Line 148:9:  'runAction' is assigned a value but never used                                                                     no-unused-vars
  Line 244:6:  React Hook useEffect has a missing dependency: 'fetchAll'. Either include it or remove the dependency array        react-hooks/exhaustive-deps
  Line 274:6:  React Hook useEffect has a missing dependency: 'notifyNewOrder'. Either include it or remove the dependency array  react-hooks/exhaustive-deps

src\Pages\orderScreen\OrderScreen.jsx
  Line 100:9:  The 'activeCart' conditional could make the dependencies of useMemo Hook (at line 103) change on every render. To fix this, wrap the initialization of 'activeCart' in its own useMemo() Hook  react-hooks/exhaustive-deps
  Line 100:9:  The 'activeCart' conditional could make the dependencies of useMemo Hook (at line 112) change on every render. To fix this, wrap the initialization of 'activeCart' in its own useMemo() Hook  react-hooks/exhaustive-deps
  Line 146:6:  React Hook useEffect has a missing dependency: 'handleRequestClose'. Either include it or remove the dependency array                                                                          react-hooks/exhaustive-deps

Search for the keywords to learn more about each warning.
To ignore, add // eslint-disable-next-line to the line before.

[1m[33mWARNING[39m[22m in [1m[eslint] 
src\Pages\AdminDashboard.jsx
  Line 15:3:   'FaMotorcycle' is defined but never used                                                                           no-unused-vars
  Line 148:9:  'runAction' is assigned a value but never used                                                                     no-unused-vars
  Line 244:6:  React Hook useEffect has a missing dependency: 'fetchAll'. Either include it or remove the dependency array        react-hooks/exhaustive-deps
  Line 274:6:  React Hook useEffect has a missing dependency: 'notifyNewOrder'. Either include it or remove the dependency array  react-hooks/exhaustive-deps

src\Pages\orderScreen\OrderScreen.jsx
  Line 100:9:  The 'activeCart' conditional could make the dependencies of useMemo Hook (at line 103) change on every render. To fix this, wrap the initialization of 'activeCart' in its own useMemo() Hook  react-hooks/exhaustive-deps
  Line 100:9:  The 'activeCart' conditional could make the dependencies of useMemo Hook (at line 112) change on every render. To fix this, wrap the initialization of 'activeCart' in its own useMemo() Hook  react-hooks/exhaustive-deps
  Line 146:6:  React Hook useEffect has a missing dependency: 'handleRequestClose'. Either include it or remove the dependency array                                                                          react-hooks/exhaustive-deps

[39m[22m

webpack compiled with [1m[33m1 warning[39m[22m
Compiling...
Compiled with warnings.

[eslint] 
src\Pages\AdminDashboard.jsx
  Line 15:3:   'FaMotorcycle' is defined but never used                                                                           no-unused-vars
  Line 148:9:  'runAction' is assigned a value but never used                                                                     no-unused-vars
  Line 244:6:  React Hook useEffect has a missing dependency: 'fetchAll'. Either include it or remove the dependency array        react-hooks/exhaustive-deps
  Line 274:6:  React Hook useEffect has a missing dependency: 'notifyNewOrder'. Either include it or remove the dependency array  react-hooks/exhaustive-deps

src\Pages\orderScreen\OrderScreen.jsx
  Line 100:9:  The 'activeCart' conditional could make the dependencies of useMemo Hook (at line 103) change on every render. To fix this, wrap the initialization of 'activeCart' in its own useMemo() Hook  react-hooks/exhaustive-deps
  Line 100:9:  The 'activeCart' conditional could make the dependencies of useMemo Hook (at line 112) change on every render. To fix this, wrap the initialization of 'activeCart' in its own useMemo() Hook  react-hooks/exhaustive-deps
  Line 146:6:  React Hook useEffect has a missing dependency: 'handleRequestClose'. Either include it or remove the dependency array                                                                          react-hooks/exhaustive-deps

Search for the keywords to learn more about each warning.
To ignore, add // eslint-disable-next-line to the line before.

[1m[33mWARNING[39m[22m in [1m[eslint] 
src\Pages\AdminDashboard.jsx
  Line 15:3:   'FaMotorcycle' is defined but never used                                                                           no-unused-vars
  Line 148:9:  'runAction' is assigned a value but never used                                                                     no-unused-vars
  Line 244:6:  React Hook useEffect has a missing dependency: 'fetchAll'. Either include it or remove the dependency array        react-hooks/exhaustive-deps
  Line 274:6:  React Hook useEffect has a missing dependency: 'notifyNewOrder'. Either include it or remove the dependency array  react-hooks/exhaustive-deps

src\Pages\orderScreen\OrderScreen.jsx
  Line 100:9:  The 'activeCart' conditional could make the dependencies of useMemo Hook (at line 103) change on every render. To fix this, wrap the initialization of 'activeCart' in its own useMemo() Hook  react-hooks/exhaustive-deps
  Line 100:9:  The 'activeCart' conditional could make the dependencies of useMemo Hook (at line 112) change on every render. To fix this, wrap the initialization of 'activeCart' in its own useMemo() Hook  react-hooks/exhaustive-deps
  Line 146:6:  React Hook useEffect has a missing dependency: 'handleRequestClose'. Either include it or remove the dependency array                                                                          react-hooks/exhaustive-deps

[39m[22m

webpack compiled with [1m[33m1 warning[39m[22m
Compiling...
Compiled with warnings.

[eslint] 
src\Pages\AdminDashboard.jsx
  Line 15:3:   'FaMotorcycle' is defined but never used                                                                           no-unused-vars
  Line 244:6:  React Hook useEffect has a missing dependency: 'fetchAll'. Either include it or remove the dependency array        react-hooks/exhaustive-deps
  Line 274:6:  React Hook useEffect has a missing dependency: 'notifyNewOrder'. Either include it or remove the dependency array  react-hooks/exhaustive-deps

src\Pages\orderScreen\OrderScreen.jsx
  Line 100:9:  The 'activeCart' conditional could make the dependencies of useMemo Hook (at line 103) change on every render. To fix this, wrap the initialization of 'activeCart' in its own useMemo() Hook  react-hooks/exhaustive-deps
  Line 100:9:  The 'activeCart' conditional could make the dependencies of useMemo Hook (at line 112) change on every render. To fix this, wrap the initialization of 'activeCart' in its own useMemo() Hook  react-hooks/exhaustive-deps
  Line 146:6:  React Hook useEffect has a missing dependency: 'handleRequestClose'. Either include it or remove the dependency array                                                                          react-hooks/exhaustive-deps

Search for the keywords to learn more about each warning.
To ignore, add // eslint-disable-next-line to the line before.

[1m[33mWARNING[39m[22m in [1m[eslint] 
src\Pages\AdminDashboard.jsx
  Line 15:3:   'FaMotorcycle' is defined but never used                                                                           no-unused-vars
  Line 244:6:  React Hook useEffect has a missing dependency: 'fetchAll'. Either include it or remove the dependency array        react-hooks/exhaustive-deps
  Line 274:6:  React Hook useEffect has a missing dependency: 'notifyNewOrder'. Either include it or remove the dependency array  react-hooks/exhaustive-deps

src\Pages\orderScreen\OrderScreen.jsx
  Line 100:9:  The 'activeCart' conditional could make the dependencies of useMemo Hook (at line 103) change on every render. To fix this, wrap the initialization of 'activeCart' in its own useMemo() Hook  react-hooks/exhaustive-deps
  Line 100:9:  The 'activeCart' conditional could make the dependencies of useMemo Hook (at line 112) change on every render. To fix this, wrap the initialization of 'activeCart' in its own useMemo() Hook  react-hooks/exhaustive-deps
  Line 146:6:  React Hook useEffect has a missing dependency: 'handleRequestClose'. Either include it or remove the dependency array                                                                          react-hooks/exhaustive-deps

[39m[22m

webpack compiled with [1m[33m1 warning[39m[22m
Compiling...
Compiled with warnings.

[eslint] 
src\Pages\AdminDashboard.jsx
  Line 15:3:   'FaMotorcycle' is defined but never used                                                                           no-unused-vars
  Line 246:6:  React Hook useEffect has a missing dependency: 'fetchAll'. Either include it or remove the dependency array        react-hooks/exhaustive-deps
  Line 276:6:  React Hook useEffect has a missing dependency: 'notifyNewOrder'. Either include it or remove the dependency array  react-hooks/exhaustive-deps

src\Pages\orderScreen\OrderScreen.jsx
  Line 100:9:  The 'activeCart' conditional could make the dependencies of useMemo Hook (at line 103) change on every render. To fix this, wrap the initialization of 'activeCart' in its own useMemo() Hook  react-hooks/exhaustive-deps
  Line 100:9:  The 'activeCart' conditional could make the dependencies of useMemo Hook (at line 112) change on every render. To fix this, wrap the initialization of 'activeCart' in its own useMemo() Hook  react-hooks/exhaustive-deps
  Line 146:6:  React Hook useEffect has a missing dependency: 'handleRequestClose'. Either include it or remove the dependency array                                                                          react-hooks/exhaustive-deps

Search for the keywords to learn more about each warning.
To ignore, add // eslint-disable-next-line to the line before.

[1m[33mWARNING[39m[22m in [1m[eslint] 
src\Pages\AdminDashboard.jsx
  Line 15:3:   'FaMotorcycle' is defined but never used                                                                           no-unused-vars
  Line 246:6:  React Hook useEffect has a missing dependency: 'fetchAll'. Either include it or remove the dependency array        react-hooks/exhaustive-deps
  Line 276:6:  React Hook useEffect has a missing dependency: 'notifyNewOrder'. Either include it or remove the dependency array  react-hooks/exhaustive-deps

src\Pages\orderScreen\OrderScreen.jsx
  Line 100:9:  The 'activeCart' conditional could make the dependencies of useMemo Hook (at line 103) change on every render. To fix this, wrap the initialization of 'activeCart' in its own useMemo() Hook  react-hooks/exhaustive-deps
  Line 100:9:  The 'activeCart' conditional could make the dependencies of useMemo Hook (at line 112) change on every render. To fix this, wrap the initialization of 'activeCart' in its own useMemo() Hook  react-hooks/exhaustive-deps
  Line 146:6:  React Hook useEffect has a missing dependency: 'handleRequestClose'. Either include it or remove the dependency array                                                                          react-hooks/exhaustive-deps

[39m[22m

webpack compiled with [1m[33m1 warning[39m[22m
Compiling...
Compiled with warnings.

[eslint] 
src\Pages\AdminDashboard.jsx
  Line 15:3:   'FaMotorcycle' is defined but never used                                                                           no-unused-vars
  Line 246:6:  React Hook useEffect has a missing dependency: 'fetchAll'. Either include it or remove the dependency array        react-hooks/exhaustive-deps
  Line 276:6:  React Hook useEffect has a missing dependency: 'notifyNewOrder'. Either include it or remove the dependency array  react-hooks/exhaustive-deps

src\Pages\RiderDashboard.jsx
  Line 71:6:  React Hook useEffect has a missing dependency: 'fetchOrders'. Either include it or remove the dependency array  react-hooks/exhaustive-deps

src\Pages\orderScreen\OrderScreen.jsx
  Line 100:9:  The 'activeCart' conditional could make the dependencies of useMemo Hook (at line 103) change on every render. To fix this, wrap the initialization of 'activeCart' in its own useMemo() Hook  react-hooks/exhaustive-deps
  Line 100:9:  The 'activeCart' conditional could make the dependencies of useMemo Hook (at line 112) change on every render. To fix this, wrap the initialization of 'activeCart' in its own useMemo() Hook  react-hooks/exhaustive-deps
  Line 146:6:  React Hook useEffect has a missing dependency: 'handleRequestClose'. Either include it or remove the dependency array                                                                          react-hooks/exhaustive-deps

Search for the keywords to learn more about each warning.
To ignore, add // eslint-disable-next-line to the line before.

[1m[33mWARNING[39m[22m in [1m[eslint] 
src\Pages\AdminDashboard.jsx
  Line 15:3:   'FaMotorcycle' is defined but never used                                                                           no-unused-vars
  Line 246:6:  React Hook useEffect has a missing dependency: 'fetchAll'. Either include it or remove the dependency array        react-hooks/exhaustive-deps
  Line 276:6:  React Hook useEffect has a missing dependency: 'notifyNewOrder'. Either include it or remove the dependency array  react-hooks/exhaustive-deps

src\Pages\RiderDashboard.jsx
  Line 71:6:  React Hook useEffect has a missing dependency: 'fetchOrders'. Either include it or remove the dependency array  react-hooks/exhaustive-deps

src\Pages\orderScreen\OrderScreen.jsx
  Line 100:9:  The 'activeCart' conditional could make the dependencies of useMemo Hook (at line 103) change on every render. To fix this, wrap the initialization of 'activeCart' in its own useMemo() Hook  react-hooks/exhaustive-deps
  Line 100:9:  The 'activeCart' conditional could make the dependencies of useMemo Hook (at line 112) change on every render. To fix this, wrap the initialization of 'activeCart' in its own useMemo() Hook  react-hooks/exhaustive-deps
  Line 146:6:  React Hook useEffect has a missing dependency: 'handleRequestClose'. Either include it or remove the dependency array                                                                          react-hooks/exhaustive-deps

[39m[22m

webpack compiled with [1m[33m1 warning[39m[22m
Compiling...
Compiled with warnings.

[eslint] 
src\Pages\AdminDashboard.jsx
  Line 15:3:   'FaMotorcycle' is defined but never used                                                                           no-unused-vars
  Line 246:6:  React Hook useEffect has a missing dependency: 'fetchAll'. Either include it or remove the dependency array        react-hooks/exhaustive-deps
  Line 276:6:  React Hook useEffect has a missing dependency: 'notifyNewOrder'. Either include it or remove the dependency array  react-hooks/exhaustive-deps

src\Pages\RiderDashboard.jsx
  Line 71:6:  React Hook useEffect has a missing dependency: 'fetchOrders'. Either include it or remove the dependency array  react-hooks/exhaustive-deps

src\Pages\orderScreen\OrderScreen.jsx
  Line 100:9:  The 'activeCart' conditional could make the dependencies of useMemo Hook (at line 103) change on every render. To fix this, wrap the initialization of 'activeCart' in its own useMemo() Hook  react-hooks/exhaustive-deps
  Line 100:9:  The 'activeCart' conditional could make the dependencies of useMemo Hook (at line 112) change on every render. To fix this, wrap the initialization of 'activeCart' in its own useMemo() Hook  react-hooks/exhaustive-deps
  Line 146:6:  React Hook useEffect has a missing dependency: 'handleRequestClose'. Either include it or remove the dependency array                                                                          react-hooks/exhaustive-deps

Search for the keywords to learn more about each warning.
To ignore, add // eslint-disable-next-line to the line before.

[1m[33mWARNING[39m[22m in [1m[eslint] 
src\Pages\AdminDashboard.jsx
  Line 15:3:   'FaMotorcycle' is defined but never used                                                                           no-unused-vars
  Line 246:6:  React Hook useEffect has a missing dependency: 'fetchAll'. Either include it or remove the dependency array        react-hooks/exhaustive-deps
  Line 276:6:  React Hook useEffect has a missing dependency: 'notifyNewOrder'. Either include it or remove the dependency array  react-hooks/exhaustive-deps

src\Pages\RiderDashboard.jsx
  Line 71:6:  React Hook useEffect has a missing dependency: 'fetchOrders'. Either include it or remove the dependency array  react-hooks/exhaustive-deps

src\Pages\orderScreen\OrderScreen.jsx
  Line 100:9:  The 'activeCart' conditional could make the dependencies of useMemo Hook (at line 103) change on every render. To fix this, wrap the initialization of 'activeCart' in its own useMemo() Hook  react-hooks/exhaustive-deps
  Line 100:9:  The 'activeCart' conditional could make the dependencies of useMemo Hook (at line 112) change on every render. To fix this, wrap the initialization of 'activeCart' in its own useMemo() Hook  react-hooks/exhaustive-deps
  Line 146:6:  React Hook useEffect has a missing dependency: 'handleRequestClose'. Either include it or remove the dependency array                                                                          react-hooks/exhaustive-deps

[39m[22m

webpack compiled with [1m[33m1 warning[39m[22m
Compiling...
Compiled with warnings.

[eslint] 
src\Pages\AdminDashboard.jsx
  Line 15:3:   'FaMotorcycle' is defined but never used                                                                           no-unused-vars
  Line 246:6:  React Hook useEffect has a missing dependency: 'fetchAll'. Either include it or remove the dependency array        react-hooks/exhaustive-deps
  Line 276:6:  React Hook useEffect has a missing dependency: 'notifyNewOrder'. Either include it or remove the dependency array  react-hooks/exhaustive-deps

src\Pages\RiderDashboard.jsx
  Line 71:6:  React Hook useEffect has a missing dependency: 'fetchOrders'. Either include it or remove the dependency array  react-hooks/exhaustive-deps

src\Pages\orderScreen\OrderScreen.jsx
  Line 100:9:  The 'activeCart' conditional could make the dependencies of useMemo Hook (at line 103) change on every render. To fix this, wrap the initialization of 'activeCart' in its own useMemo() Hook  react-hooks/exhaustive-deps
  Line 100:9:  The 'activeCart' conditional could make the dependencies of useMemo Hook (at line 112) change on every render. To fix this, wrap the initialization of 'activeCart' in its own useMemo() Hook  react-hooks/exhaustive-deps
  Line 146:6:  React Hook useEffect has a missing dependency: 'handleRequestClose'. Either include it or remove the dependency array                                                                          react-hooks/exhaustive-deps

Search for the keywords to learn more about each warning.
To ignore, add // eslint-disable-next-line to the line before.

[1m[33mWARNING[39m[22m in [1m[eslint] 
src\Pages\AdminDashboard.jsx
  Line 15:3:   'FaMotorcycle' is defined but never used                                                                           no-unused-vars
  Line 246:6:  React Hook useEffect has a missing dependency: 'fetchAll'. Either include it or remove the dependency array        react-hooks/exhaustive-deps
  Line 276:6:  React Hook useEffect has a missing dependency: 'notifyNewOrder'. Either include it or remove the dependency array  react-hooks/exhaustive-deps

src\Pages\RiderDashboard.jsx
  Line 71:6:  React Hook useEffect has a missing dependency: 'fetchOrders'. Either include it or remove the dependency array  react-hooks/exhaustive-deps

src\Pages\orderScreen\OrderScreen.jsx
  Line 100:9:  The 'activeCart' conditional could make the dependencies of useMemo Hook (at line 103) change on every render. To fix this, wrap the initialization of 'activeCart' in its own useMemo() Hook  react-hooks/exhaustive-deps
  Line 100:9:  The 'activeCart' conditional could make the dependencies of useMemo Hook (at line 112) change on every render. To fix this, wrap the initialization of 'activeCart' in its own useMemo() Hook  react-hooks/exhaustive-deps
  Line 146:6:  React Hook useEffect has a missing dependency: 'handleRequestClose'. Either include it or remove the dependency array                                                                          react-hooks/exhaustive-deps

[39m[22m

webpack compiled with [1m[33m1 warning[39m[22m
Compiling...
Compiled with warnings.

[eslint] 
src\Pages\AdminDashboard.jsx
  Line 15:3:   'FaMotorcycle' is defined but never used                                                                           no-unused-vars
  Line 246:6:  React Hook useEffect has a missing dependency: 'fetchAll'. Either include it or remove the dependency array        react-hooks/exhaustive-deps
  Line 276:6:  React Hook useEffect has a missing dependency: 'notifyNewOrder'. Either include it or remove the dependency array  react-hooks/exhaustive-deps

src\Pages\RiderDashboard.jsx
  Line 71:6:  React Hook useEffect has a missing dependency: 'fetchOrders'. Either include it or remove the dependency array  react-hooks/exhaustive-deps

src\Pages\orderScreen\OrderScreen.jsx
  Line 100:9:  The 'activeCart' conditional could make the dependencies of useMemo Hook (at line 103) change on every render. To fix this, wrap the initialization of 'activeCart' in its own useMemo() Hook  react-hooks/exhaustive-deps
  Line 100:9:  The 'activeCart' conditional could make the dependencies of useMemo Hook (at line 112) change on every render. To fix this, wrap the initialization of 'activeCart' in its own useMemo() Hook  react-hooks/exhaustive-deps
  Line 146:6:  React Hook useEffect has a missing dependency: 'handleRequestClose'. Either include it or remove the dependency array                                                                          react-hooks/exhaustive-deps

Search for the keywords to learn more about each warning.
To ignore, add // eslint-disable-next-line to the line before.

[1m[33mWARNING[39m[22m in [1m[eslint] 
src\Pages\AdminDashboard.jsx
  Line 15:3:   'FaMotorcycle' is defined but never used                                                                           no-unused-vars
  Line 246:6:  React Hook useEffect has a missing dependency: 'fetchAll'. Either include it or remove the dependency array        react-hooks/exhaustive-deps
  Line 276:6:  React Hook useEffect has a missing dependency: 'notifyNewOrder'. Either include it or remove the dependency array  react-hooks/exhaustive-deps

src\Pages\RiderDashboard.jsx
  Line 71:6:  React Hook useEffect has a missing dependency: 'fetchOrders'. Either include it or remove the dependency array  react-hooks/exhaustive-deps

src\Pages\orderScreen\OrderScreen.jsx
  Line 100:9:  The 'activeCart' conditional could make the dependencies of useMemo Hook (at line 103) change on every render. To fix this, wrap the initialization of 'activeCart' in its own useMemo() Hook  react-hooks/exhaustive-deps
  Line 100:9:  The 'activeCart' conditional could make the dependencies of useMemo Hook (at line 112) change on every render. To fix this, wrap the initialization of 'activeCart' in its own useMemo() Hook  react-hooks/exhaustive-deps
  Line 146:6:  React Hook useEffect has a missing dependency: 'handleRequestClose'. Either include it or remove the dependency array                                                                          react-hooks/exhaustive-deps

[39m[22m

webpack compiled with [1m[33m1 warning[39m[22m
Compiling...
Compiled with warnings.

[eslint] 
src\Pages\AdminDashboard.jsx
  Line 245:6:  React Hook useEffect has a missing dependency: 'fetchAll'. Either include it or remove the dependency array        react-hooks/exhaustive-deps
  Line 275:6:  React Hook useEffect has a missing dependency: 'notifyNewOrder'. Either include it or remove the dependency array  react-hooks/exhaustive-deps

src\Pages\RiderDashboard.jsx
  Line 71:6:  React Hook useEffect has a missing dependency: 'fetchOrders'. Either include it or remove the dependency array  react-hooks/exhaustive-deps

src\Pages\orderScreen\OrderScreen.jsx
  Line 100:9:  The 'activeCart' conditional could make the dependencies of useMemo Hook (at line 103) change on every render. To fix this, wrap the initialization of 'activeCart' in its own useMemo() Hook  react-hooks/exhaustive-deps
  Line 100:9:  The 'activeCart' conditional could make the dependencies of useMemo Hook (at line 112) change on every render. To fix this, wrap the initialization of 'activeCart' in its own useMemo() Hook  react-hooks/exhaustive-deps
  Line 146:6:  React Hook useEffect has a missing dependency: 'handleRequestClose'. Either include it or remove the dependency array                                                                          react-hooks/exhaustive-deps

Search for the keywords to learn more about each warning.
To ignore, add // eslint-disable-next-line to the line before.

[1m[33mWARNING[39m[22m in [1m[eslint] 
src\Pages\AdminDashboard.jsx
  Line 245:6:  React Hook useEffect has a missing dependency: 'fetchAll'. Either include it or remove the dependency array        react-hooks/exhaustive-deps
  Line 275:6:  React Hook useEffect has a missing dependency: 'notifyNewOrder'. Either include it or remove the dependency array  react-hooks/exhaustive-deps

src\Pages\RiderDashboard.jsx
  Line 71:6:  React Hook useEffect has a missing dependency: 'fetchOrders'. Either include it or remove the dependency array  react-hooks/exhaustive-deps

src\Pages\orderScreen\OrderScreen.jsx
  Line 100:9:  The 'activeCart' conditional could make the dependencies of useMemo Hook (at line 103) change on every render. To fix this, wrap the initialization of 'activeCart' in its own useMemo() Hook  react-hooks/exhaustive-deps
  Line 100:9:  The 'activeCart' conditional could make the dependencies of useMemo Hook (at line 112) change on every render. To fix this, wrap the initialization of 'activeCart' in its own useMemo() Hook  react-hooks/exhaustive-deps
  Line 146:6:  React Hook useEffect has a missing dependency: 'handleRequestClose'. Either include it or remove the dependency array                                                                          react-hooks/exhaustive-deps

[39m[22m

webpack compiled with [1m[33m1 warning[39m[22m
Compiling...
Compiled with warnings.

[eslint] 
src\Pages\AdminDashboard.jsx
  Line 245:6:  React Hook useEffect has a missing dependency: 'fetchAll'. Either include it or remove the dependency array        react-hooks/exhaustive-deps
  Line 275:6:  React Hook useEffect has a missing dependency: 'notifyNewOrder'. Either include it or remove the dependency array  react-hooks/exhaustive-deps

src\Pages\RiderDashboard.jsx
  Line 71:6:  React Hook useEffect has a missing dependency: 'fetchOrders'. Either include it or remove the dependency array  react-hooks/exhaustive-deps

src\Pages\orderScreen\OrderScreen.jsx
  Line 100:9:  The 'activeCart' conditional could make the dependencies of useMemo Hook (at line 103) change on every render. To fix this, wrap the initialization of 'activeCart' in its own useMemo() Hook  react-hooks/exhaustive-deps
  Line 100:9:  The 'activeCart' conditional could make the dependencies of useMemo Hook (at line 112) change on every render. To fix this, wrap the initialization of 'activeCart' in its own useMemo() Hook  react-hooks/exhaustive-deps
  Line 146:6:  React Hook useEffect has a missing dependency: 'handleRequestClose'. Either include it or remove the dependency array                                                                          react-hooks/exhaustive-deps

Search for the keywords to learn more about each warning.
To ignore, add // eslint-disable-next-line to the line before.

[1m[33mWARNING[39m[22m in [1m[eslint] 
src\Pages\AdminDashboard.jsx
  Line 245:6:  React Hook useEffect has a missing dependency: 'fetchAll'. Either include it or remove the dependency array        react-hooks/exhaustive-deps
  Line 275:6:  React Hook useEffect has a missing dependency: 'notifyNewOrder'. Either include it or remove the dependency array  react-hooks/exhaustive-deps

src\Pages\RiderDashboard.jsx
  Line 71:6:  React Hook useEffect has a missing dependency: 'fetchOrders'. Either include it or remove the dependency array  react-hooks/exhaustive-deps

src\Pages\orderScreen\OrderScreen.jsx
  Line 100:9:  The 'activeCart' conditional could make the dependencies of useMemo Hook (at line 103) change on every render. To fix this, wrap the initialization of 'activeCart' in its own useMemo() Hook  react-hooks/exhaustive-deps
  Line 100:9:  The 'activeCart' conditional could make the dependencies of useMemo Hook (at line 112) change on every render. To fix this, wrap the initialization of 'activeCart' in its own useMemo() Hook  react-hooks/exhaustive-deps
  Line 146:6:  React Hook useEffect has a missing dependency: 'handleRequestClose'. Either include it or remove the dependency array                                                                          react-hooks/exhaustive-deps

[39m[22m

webpack compiled with [1m[33m1 warning[39m[22m
Compiling...
Compiled with warnings.

[eslint] 
src\Pages\AdminDashboard.jsx
  Line 245:6:  React Hook useEffect has a missing dependency: 'fetchAll'. Either include it or remove the dependency array        react-hooks/exhaustive-deps
  Line 275:6:  React Hook useEffect has a missing dependency: 'notifyNewOrder'. Either include it or remove the dependency array  react-hooks/exhaustive-deps

src\Pages\RiderDashboard.jsx
  Line 35:10:  'actionOrderId' is assigned a value but never used                                                              no-unused-vars
  Line 72:6:   React Hook useEffect has a missing dependency: 'fetchOrders'. Either include it or remove the dependency array  react-hooks/exhaustive-deps

src\Pages\orderScreen\OrderScreen.jsx
  Line 100:9:  The 'activeCart' conditional could make the dependencies of useMemo Hook (at line 103) change on every render. To fix this, wrap the initialization of 'activeCart' in its own useMemo() Hook  react-hooks/exhaustive-deps
  Line 100:9:  The 'activeCart' conditional could make the dependencies of useMemo Hook (at line 112) change on every render. To fix this, wrap the initialization of 'activeCart' in its own useMemo() Hook  react-hooks/exhaustive-deps
  Line 146:6:  React Hook useEffect has a missing dependency: 'handleRequestClose'. Either include it or remove the dependency array                                                                          react-hooks/exhaustive-deps

Search for the keywords to learn more about each warning.
To ignore, add // eslint-disable-next-line to the line before.

[1m[33mWARNING[39m[22m in [1m[eslint] 
src\Pages\AdminDashboard.jsx
  Line 245:6:  React Hook useEffect has a missing dependency: 'fetchAll'. Either include it or remove the dependency array        react-hooks/exhaustive-deps
  Line 275:6:  React Hook useEffect has a missing dependency: 'notifyNewOrder'. Either include it or remove the dependency array  react-hooks/exhaustive-deps

src\Pages\RiderDashboard.jsx
  Line 35:10:  'actionOrderId' is assigned a value but never used                                                              no-unused-vars
  Line 72:6:   React Hook useEffect has a missing dependency: 'fetchOrders'. Either include it or remove the dependency array  react-hooks/exhaustive-deps

src\Pages\orderScreen\OrderScreen.jsx
  Line 100:9:  The 'activeCart' conditional could make the dependencies of useMemo Hook (at line 103) change on every render. To fix this, wrap the initialization of 'activeCart' in its own useMemo() Hook  react-hooks/exhaustive-deps
  Line 100:9:  The 'activeCart' conditional could make the dependencies of useMemo Hook (at line 112) change on every render. To fix this, wrap the initialization of 'activeCart' in its own useMemo() Hook  react-hooks/exhaustive-deps
  Line 146:6:  React Hook useEffect has a missing dependency: 'handleRequestClose'. Either include it or remove the dependency array                                                                          react-hooks/exhaustive-deps

[39m[22m

webpack compiled with [1m[33m1 warning[39m[22m
Failed to compile.

Module not found: Error: Can't resolve './Pages/RiderDashboard' in 'D:\gouthams-kitchen\GK-client\src'
[1m[33mWARNING[39m[22m in [1m[eslint] 
src\Pages\AdminDashboard.jsx
  Line 245:6:  React Hook useEffect has a missing dependency: 'fetchAll'. Either include it or remove the dependency array        react-hooks/exhaustive-deps
  Line 275:6:  React Hook useEffect has a missing dependency: 'notifyNewOrder'. Either include it or remove the dependency array  react-hooks/exhaustive-deps

src\Pages\RiderDashboard.jsx
  Line 35:10:  'actionOrderId' is assigned a value but never used                                                              no-unused-vars
  Line 72:6:   React Hook useEffect has a missing dependency: 'fetchOrders'. Either include it or remove the dependency array  react-hooks/exhaustive-deps

src\Pages\orderScreen\OrderScreen.jsx
  Line 100:9:  The 'activeCart' conditional could make the dependencies of useMemo Hook (at line 103) change on every render. To fix this, wrap the initialization of 'activeCart' in its own useMemo() Hook  react-hooks/exhaustive-deps
  Line 100:9:  The 'activeCart' conditional could make the dependencies of useMemo Hook (at line 112) change on every render. To fix this, wrap the initialization of 'activeCart' in its own useMemo() Hook  react-hooks/exhaustive-deps
  Line 146:6:  React Hook useEffect has a missing dependency: 'handleRequestClose'. Either include it or remove the dependency array                                                                          react-hooks/exhaustive-deps

[39m[22m

[1m[31mERROR[39m[22m in [1m./src/App.js[39m[22m [1m[32m15:0-52[39m[22m
[1mModule [1m[31mnot found[39m[22m[1m: [1m[31mError[39m[22m[1m: Can't resolve './Pages/RiderDashboard' in 'D:\gouthams-kitchen\GK-client\src'[39m[22m

webpack compiled with [1m[31m1 error[39m[22m and [1m[33m1 warning[39m[22m
Compiling...
Compiled with warnings.

[eslint] 
src\Pages\AdminDashboard.jsx
  Line 245:6:  React Hook useEffect has a missing dependency: 'fetchAll'. Either include it or remove the dependency array        react-hooks/exhaustive-deps
  Line 275:6:  React Hook useEffect has a missing dependency: 'notifyNewOrder'. Either include it or remove the dependency array  react-hooks/exhaustive-deps

src\Pages\RiderDashboard.jsx
  Line 82:6:  React Hook useEffect has a missing dependency: 'fetchOrders'. Either include it or remove the dependency array  react-hooks/exhaustive-deps

src\Pages\orderScreen\OrderScreen.jsx
  Line 100:9:  The 'activeCart' conditional could make the dependencies of useMemo Hook (at line 103) change on every render. To fix this, wrap the initialization of 'activeCart' in its own useMemo() Hook  react-hooks/exhaustive-deps
  Line 100:9:  The 'activeCart' conditional could make the dependencies of useMemo Hook (at line 112) change on every render. To fix this, wrap the initialization of 'activeCart' in its own useMemo() Hook  react-hooks/exhaustive-deps
  Line 146:6:  React Hook useEffect has a missing dependency: 'handleRequestClose'. Either include it or remove the dependency array                                                                          react-hooks/exhaustive-deps

Search for the keywords to learn more about each warning.
To ignore, add // eslint-disable-next-line to the line before.

[1m[33mWARNING[39m[22m in [1m[eslint] 
src\Pages\AdminDashboard.jsx
  Line 245:6:  React Hook useEffect has a missing dependency: 'fetchAll'. Either include it or remove the dependency array        react-hooks/exhaustive-deps
  Line 275:6:  React Hook useEffect has a missing dependency: 'notifyNewOrder'. Either include it or remove the dependency array  react-hooks/exhaustive-deps

src\Pages\RiderDashboard.jsx
  Line 82:6:  React Hook useEffect has a missing dependency: 'fetchOrders'. Either include it or remove the dependency array  react-hooks/exhaustive-deps

src\Pages\orderScreen\OrderScreen.jsx
  Line 100:9:  The 'activeCart' conditional could make the dependencies of useMemo Hook (at line 103) change on every render. To fix this, wrap the initialization of 'activeCart' in its own useMemo() Hook  react-hooks/exhaustive-deps
  Line 100:9:  The 'activeCart' conditional could make the dependencies of useMemo Hook (at line 112) change on every render. To fix this, wrap the initialization of 'activeCart' in its own useMemo() Hook  react-hooks/exhaustive-deps
  Line 146:6:  React Hook useEffect has a missing dependency: 'handleRequestClose'. Either include it or remove the dependency array                                                                          react-hooks/exhaustive-deps

[39m[22m

webpack compiled with [1m[33m1 warning[39m[22m
Compiling...
Compiled with warnings.

[eslint] 
src\Pages\AdminDashboard.jsx
  Line 245:6:  React Hook useEffect has a missing dependency: 'fetchAll'. Either include it or remove the dependency array        react-hooks/exhaustive-deps
  Line 275:6:  React Hook useEffect has a missing dependency: 'notifyNewOrder'. Either include it or remove the dependency array  react-hooks/exhaustive-deps

src\Pages\RiderDashboard.jsx
  Line 82:6:  React Hook useEffect has a missing dependency: 'fetchOrders'. Either include it or remove the dependency array  react-hooks/exhaustive-deps

src\Pages\orderScreen\OrderScreen.jsx
  Line 100:9:  The 'activeCart' conditional could make the dependencies of useMemo Hook (at line 103) change on every render. To fix this, wrap the initialization of 'activeCart' in its own useMemo() Hook  react-hooks/exhaustive-deps
  Line 100:9:  The 'activeCart' conditional could make the dependencies of useMemo Hook (at line 112) change on every render. To fix this, wrap the initialization of 'activeCart' in its own useMemo() Hook  react-hooks/exhaustive-deps
  Line 146:6:  React Hook useEffect has a missing dependency: 'handleRequestClose'. Either include it or remove the dependency array                                                                          react-hooks/exhaustive-deps

Search for the keywords to learn more about each warning.
To ignore, add // eslint-disable-next-line to the line before.

[1m[33mWARNING[39m[22m in [1m[eslint] 
src\Pages\AdminDashboard.jsx
  Line 245:6:  React Hook useEffect has a missing dependency: 'fetchAll'. Either include it or remove the dependency array        react-hooks/exhaustive-deps
  Line 275:6:  React Hook useEffect has a missing dependency: 'notifyNewOrder'. Either include it or remove the dependency array  react-hooks/exhaustive-deps

src\Pages\RiderDashboard.jsx
  Line 82:6:  React Hook useEffect has a missing dependency: 'fetchOrders'. Either include it or remove the dependency array  react-hooks/exhaustive-deps

src\Pages\orderScreen\OrderScreen.jsx
  Line 100:9:  The 'activeCart' conditional could make the dependencies of useMemo Hook (at line 103) change on every render. To fix this, wrap the initialization of 'activeCart' in its own useMemo() Hook  react-hooks/exhaustive-deps
  Line 100:9:  The 'activeCart' conditional could make the dependencies of useMemo Hook (at line 112) change on every render. To fix this, wrap the initialization of 'activeCart' in its own useMemo() Hook  react-hooks/exhaustive-deps
  Line 146:6:  React Hook useEffect has a missing dependency: 'handleRequestClose'. Either include it or remove the dependency array                                                                          react-hooks/exhaustive-deps

[39m[22m

webpack compiled with [1m[33m1 warning[39m[22m
Compiling...
Compiled with warnings.

[eslint] 
src\Pages\AdminDashboard.jsx
  Line 245:6:  React Hook useEffect has a missing dependency: 'fetchAll'. Either include it or remove the dependency array        react-hooks/exhaustive-deps
  Line 275:6:  React Hook useEffect has a missing dependency: 'notifyNewOrder'. Either include it or remove the dependency array  react-hooks/exhaustive-deps

src\Pages\RiderDashboard.jsx
  Line 82:6:  React Hook useEffect has a missing dependency: 'fetchOrders'. Either include it or remove the dependency array  react-hooks/exhaustive-deps

src\Pages\orderScreen\OrderScreen.jsx
  Line 100:9:  The 'activeCart' conditional could make the dependencies of useMemo Hook (at line 103) change on every render. To fix this, wrap the initialization of 'activeCart' in its own useMemo() Hook  react-hooks/exhaustive-deps
  Line 100:9:  The 'activeCart' conditional could make the dependencies of useMemo Hook (at line 112) change on every render. To fix this, wrap the initialization of 'activeCart' in its own useMemo() Hook  react-hooks/exhaustive-deps
  Line 146:6:  React Hook useEffect has a missing dependency: 'handleRequestClose'. Either include it or remove the dependency array                                                                          react-hooks/exhaustive-deps

Search for the keywords to learn more about each warning.
To ignore, add // eslint-disable-next-line to the line before.

[1m[33mWARNING[39m[22m in [1m[eslint] 
src\Pages\AdminDashboard.jsx
  Line 245:6:  React Hook useEffect has a missing dependency: 'fetchAll'. Either include it or remove the dependency array        react-hooks/exhaustive-deps
  Line 275:6:  React Hook useEffect has a missing dependency: 'notifyNewOrder'. Either include it or remove the dependency array  react-hooks/exhaustive-deps

src\Pages\RiderDashboard.jsx
  Line 82:6:  React Hook useEffect has a missing dependency: 'fetchOrders'. Either include it or remove the dependency array  react-hooks/exhaustive-deps

src\Pages\orderScreen\OrderScreen.jsx
  Line 100:9:  The 'activeCart' conditional could make the dependencies of useMemo Hook (at line 103) change on every render. To fix this, wrap the initialization of 'activeCart' in its own useMemo() Hook  react-hooks/exhaustive-deps
  Line 100:9:  The 'activeCart' conditional could make the dependencies of useMemo Hook (at line 112) change on every render. To fix this, wrap the initialization of 'activeCart' in its own useMemo() Hook  react-hooks/exhaustive-deps
  Line 146:6:  React Hook useEffect has a missing dependency: 'handleRequestClose'. Either include it or remove the dependency array                                                                          react-hooks/exhaustive-deps

[39m[22m

webpack compiled with [1m[33m1 warning[39m[22m
Compiling...
Compiled with warnings.

[eslint] 
src\Pages\AdminDashboard.jsx
  Line 245:6:  React Hook useEffect has a missing dependency: 'fetchAll'. Either include it or remove the dependency array        react-hooks/exhaustive-deps
  Line 275:6:  React Hook useEffect has a missing dependency: 'notifyNewOrder'. Either include it or remove the dependency array  react-hooks/exhaustive-deps

src\Pages\RiderDashboard.jsx
  Line 82:6:  React Hook useEffect has a missing dependency: 'fetchOrders'. Either include it or remove the dependency array  react-hooks/exhaustive-deps

src\Pages\orderScreen\OrderScreen.jsx
  Line 100:9:  The 'activeCart' conditional could make the dependencies of useMemo Hook (at line 103) change on every render. To fix this, wrap the initialization of 'activeCart' in its own useMemo() Hook  react-hooks/exhaustive-deps
  Line 100:9:  The 'activeCart' conditional could make the dependencies of useMemo Hook (at line 112) change on every render. To fix this, wrap the initialization of 'activeCart' in its own useMemo() Hook  react-hooks/exhaustive-deps
  Line 146:6:  React Hook useEffect has a missing dependency: 'handleRequestClose'. Either include it or remove the dependency array                                                                          react-hooks/exhaustive-deps

Search for the keywords to learn more about each warning.
To ignore, add // eslint-disable-next-line to the line before.

[1m[33mWARNING[39m[22m in [1m[eslint] 
src\Pages\AdminDashboard.jsx
  Line 245:6:  React Hook useEffect has a missing dependency: 'fetchAll'. Either include it or remove the dependency array        react-hooks/exhaustive-deps
  Line 275:6:  React Hook useEffect has a missing dependency: 'notifyNewOrder'. Either include it or remove the dependency array  react-hooks/exhaustive-deps

src\Pages\RiderDashboard.jsx
  Line 82:6:  React Hook useEffect has a missing dependency: 'fetchOrders'. Either include it or remove the dependency array  react-hooks/exhaustive-deps

src\Pages\orderScreen\OrderScreen.jsx
  Line 100:9:  The 'activeCart' conditional could make the dependencies of useMemo Hook (at line 103) change on every render. To fix this, wrap the initialization of 'activeCart' in its own useMemo() Hook  react-hooks/exhaustive-deps
  Line 100:9:  The 'activeCart' conditional could make the dependencies of useMemo Hook (at line 112) change on every render. To fix this, wrap the initialization of 'activeCart' in its own useMemo() Hook  react-hooks/exhaustive-deps
  Line 146:6:  React Hook useEffect has a missing dependency: 'handleRequestClose'. Either include it or remove the dependency array                                                                          react-hooks/exhaustive-deps

[39m[22m

webpack compiled with [1m[33m1 warning[39m[22m
Compiling...
Compiled with warnings.

[eslint] 
src\Pages\AdminDashboard.jsx
  Line 245:6:  React Hook useEffect has a missing dependency: 'fetchAll'. Either include it or remove the dependency array        react-hooks/exhaustive-deps
  Line 275:6:  React Hook useEffect has a missing dependency: 'notifyNewOrder'. Either include it or remove the dependency array  react-hooks/exhaustive-deps

src\Pages\RiderDashboard.jsx
  Line 82:6:  React Hook useEffect has a missing dependency: 'fetchOrders'. Either include it or remove the dependency array  react-hooks/exhaustive-deps

src\Pages\orderScreen\OrderScreen.jsx
  Line 100:9:  The 'activeCart' conditional could make the dependencies of useMemo Hook (at line 103) change on every render. To fix this, wrap the initialization of 'activeCart' in its own useMemo() Hook  react-hooks/exhaustive-deps
  Line 100:9:  The 'activeCart' conditional could make the dependencies of useMemo Hook (at line 112) change on every render. To fix this, wrap the initialization of 'activeCart' in its own useMemo() Hook  react-hooks/exhaustive-deps
  Line 146:6:  React Hook useEffect has a missing dependency: 'handleRequestClose'. Either include it or remove the dependency array                                                                          react-hooks/exhaustive-deps

Search for the keywords to learn more about each warning.
To ignore, add // eslint-disable-next-line to the line before.

[1m[33mWARNING[39m[22m in [1m[eslint] 
src\Pages\AdminDashboard.jsx
  Line 245:6:  React Hook useEffect has a missing dependency: 'fetchAll'. Either include it or remove the dependency array        react-hooks/exhaustive-deps
  Line 275:6:  React Hook useEffect has a missing dependency: 'notifyNewOrder'. Either include it or remove the dependency array  react-hooks/exhaustive-deps

src\Pages\RiderDashboard.jsx
  Line 82:6:  React Hook useEffect has a missing dependency: 'fetchOrders'. Either include it or remove the dependency array  react-hooks/exhaustive-deps

src\Pages\orderScreen\OrderScreen.jsx
  Line 100:9:  The 'activeCart' conditional could make the dependencies of useMemo Hook (at line 103) change on every render. To fix this, wrap the initialization of 'activeCart' in its own useMemo() Hook  react-hooks/exhaustive-deps
  Line 100:9:  The 'activeCart' conditional could make the dependencies of useMemo Hook (at line 112) change on every render. To fix this, wrap the initialization of 'activeCart' in its own useMemo() Hook  react-hooks/exhaustive-deps
  Line 146:6:  React Hook useEffect has a missing dependency: 'handleRequestClose'. Either include it or remove the dependency array                                                                          react-hooks/exhaustive-deps

[39m[22m

webpack compiled with [1m[33m1 warning[39m[22m
Compiling...
Compiled with warnings.

[eslint] 
src\Pages\AdminDashboard.jsx
  Line 245:6:  React Hook useEffect has a missing dependency: 'fetchAll'. Either include it or remove the dependency array        react-hooks/exhaustive-deps
  Line 275:6:  React Hook useEffect has a missing dependency: 'notifyNewOrder'. Either include it or remove the dependency array  react-hooks/exhaustive-deps

src\Pages\RiderDashboard.jsx
  Line 82:6:  React Hook useEffect has a missing dependency: 'fetchOrders'. Either include it or remove the dependency array  react-hooks/exhaustive-deps

src\Pages\orderScreen\OrderScreen.jsx
  Line 100:9:  The 'activeCart' conditional could make the dependencies of useMemo Hook (at line 103) change on every render. To fix this, wrap the initialization of 'activeCart' in its own useMemo() Hook  react-hooks/exhaustive-deps
  Line 100:9:  The 'activeCart' conditional could make the dependencies of useMemo Hook (at line 112) change on every render. To fix this, wrap the initialization of 'activeCart' in its own useMemo() Hook  react-hooks/exhaustive-deps
  Line 146:6:  React Hook useEffect has a missing dependency: 'handleRequestClose'. Either include it or remove the dependency array                                                                          react-hooks/exhaustive-deps

Search for the keywords to learn more about each warning.
To ignore, add // eslint-disable-next-line to the line before.

[1m[33mWARNING[39m[22m in [1m[eslint] 
src\Pages\AdminDashboard.jsx
  Line 245:6:  React Hook useEffect has a missing dependency: 'fetchAll'. Either include it or remove the dependency array        react-hooks/exhaustive-deps
  Line 275:6:  React Hook useEffect has a missing dependency: 'notifyNewOrder'. Either include it or remove the dependency array  react-hooks/exhaustive-deps

src\Pages\RiderDashboard.jsx
  Line 82:6:  React Hook useEffect has a missing dependency: 'fetchOrders'. Either include it or remove the dependency array  react-hooks/exhaustive-deps

src\Pages\orderScreen\OrderScreen.jsx
  Line 100:9:  The 'activeCart' conditional could make the dependencies of useMemo Hook (at line 103) change on every render. To fix this, wrap the initialization of 'activeCart' in its own useMemo() Hook  react-hooks/exhaustive-deps
  Line 100:9:  The 'activeCart' conditional could make the dependencies of useMemo Hook (at line 112) change on every render. To fix this, wrap the initialization of 'activeCart' in its own useMemo() Hook  react-hooks/exhaustive-deps
  Line 146:6:  React Hook useEffect has a missing dependency: 'handleRequestClose'. Either include it or remove the dependency array                                                                          react-hooks/exhaustive-deps

[39m[22m

webpack compiled with [1m[33m1 warning[39m[22m
Compiling...
Compiled with warnings.

[eslint] 
src\Pages\AdminDashboard.jsx
  Line 246:6:  React Hook useEffect has a missing dependency: 'fetchAll'. Either include it or remove the dependency array        react-hooks/exhaustive-deps
  Line 276:6:  React Hook useEffect has a missing dependency: 'notifyNewOrder'. Either include it or remove the dependency array  react-hooks/exhaustive-deps

src\Pages\RiderDashboard.jsx
  Line 82:6:  React Hook useEffect has a missing dependency: 'fetchOrders'. Either include it or remove the dependency array  react-hooks/exhaustive-deps

src\Pages\orderScreen\OrderScreen.jsx
  Line 100:9:  The 'activeCart' conditional could make the dependencies of useMemo Hook (at line 103) change on every render. To fix this, wrap the initialization of 'activeCart' in its own useMemo() Hook  react-hooks/exhaustive-deps
  Line 100:9:  The 'activeCart' conditional could make the dependencies of useMemo Hook (at line 112) change on every render. To fix this, wrap the initialization of 'activeCart' in its own useMemo() Hook  react-hooks/exhaustive-deps
  Line 146:6:  React Hook useEffect has a missing dependency: 'handleRequestClose'. Either include it or remove the dependency array                                                                          react-hooks/exhaustive-deps

Search for the keywords to learn more about each warning.
To ignore, add // eslint-disable-next-line to the line before.

[1m[33mWARNING[39m[22m in [1m[eslint] 
src\Pages\AdminDashboard.jsx
  Line 246:6:  React Hook useEffect has a missing dependency: 'fetchAll'. Either include it or remove the dependency array        react-hooks/exhaustive-deps
  Line 276:6:  React Hook useEffect has a missing dependency: 'notifyNewOrder'. Either include it or remove the dependency array  react-hooks/exhaustive-deps

src\Pages\RiderDashboard.jsx
  Line 82:6:  React Hook useEffect has a missing dependency: 'fetchOrders'. Either include it or remove the dependency array  react-hooks/exhaustive-deps

src\Pages\orderScreen\OrderScreen.jsx
  Line 100:9:  The 'activeCart' conditional could make the dependencies of useMemo Hook (at line 103) change on every render. To fix this, wrap the initialization of 'activeCart' in its own useMemo() Hook  react-hooks/exhaustive-deps
  Line 100:9:  The 'activeCart' conditional could make the dependencies of useMemo Hook (at line 112) change on every render. To fix this, wrap the initialization of 'activeCart' in its own useMemo() Hook  react-hooks/exhaustive-deps
  Line 146:6:  React Hook useEffect has a missing dependency: 'handleRequestClose'. Either include it or remove the dependency array                                                                          react-hooks/exhaustive-deps

[39m[22m

webpack compiled with [1m[33m1 warning[39m[22m
Compiling...
Compiled with warnings.

[eslint] 
src\Pages\AdminDashboard.jsx
  Line 246:6:  React Hook useEffect has a missing dependency: 'fetchAll'. Either include it or remove the dependency array        react-hooks/exhaustive-deps
  Line 276:6:  React Hook useEffect has a missing dependency: 'notifyNewOrder'. Either include it or remove the dependency array  react-hooks/exhaustive-deps

src\Pages\RiderDashboard.jsx
  Line 82:6:  React Hook useEffect has a missing dependency: 'fetchOrders'. Either include it or remove the dependency array  react-hooks/exhaustive-deps

src\Pages\orderScreen\OrderScreen.jsx
  Line 100:9:  The 'activeCart' conditional could make the dependencies of useMemo Hook (at line 103) change on every render. To fix this, wrap the initialization of 'activeCart' in its own useMemo() Hook  react-hooks/exhaustive-deps
  Line 100:9:  The 'activeCart' conditional could make the dependencies of useMemo Hook (at line 112) change on every render. To fix this, wrap the initialization of 'activeCart' in its own useMemo() Hook  react-hooks/exhaustive-deps
  Line 146:6:  React Hook useEffect has a missing dependency: 'handleRequestClose'. Either include it or remove the dependency array                                                                          react-hooks/exhaustive-deps

Search for the keywords to learn more about each warning.
To ignore, add // eslint-disable-next-line to the line before.

[1m[33mWARNING[39m[22m in [1m[eslint] 
src\Pages\AdminDashboard.jsx
  Line 246:6:  React Hook useEffect has a missing dependency: 'fetchAll'. Either include it or remove the dependency array        react-hooks/exhaustive-deps
  Line 276:6:  React Hook useEffect has a missing dependency: 'notifyNewOrder'. Either include it or remove the dependency array  react-hooks/exhaustive-deps

src\Pages\RiderDashboard.jsx
  Line 82:6:  React Hook useEffect has a missing dependency: 'fetchOrders'. Either include it or remove the dependency array  react-hooks/exhaustive-deps

src\Pages\orderScreen\OrderScreen.jsx
  Line 100:9:  The 'activeCart' conditional could make the dependencies of useMemo Hook (at line 103) change on every render. To fix this, wrap the initialization of 'activeCart' in its own useMemo() Hook  react-hooks/exhaustive-deps
  Line 100:9:  The 'activeCart' conditional could make the dependencies of useMemo Hook (at line 112) change on every render. To fix this, wrap the initialization of 'activeCart' in its own useMemo() Hook  react-hooks/exhaustive-deps
  Line 146:6:  React Hook useEffect has a missing dependency: 'handleRequestClose'. Either include it or remove the dependency array                                                                          react-hooks/exhaustive-deps

[39m[22m

webpack compiled with [1m[33m1 warning[39m[22m
Compiling...
Compiled with warnings.

[eslint] 
src\Pages\AdminDashboard.jsx
  Line 246:6:  React Hook useEffect has a missing dependency: 'fetchAll'. Either include it or remove the dependency array        react-hooks/exhaustive-deps
  Line 276:6:  React Hook useEffect has a missing dependency: 'notifyNewOrder'. Either include it or remove the dependency array  react-hooks/exhaustive-deps

src\Pages\RiderDashboard.jsx
  Line 82:6:  React Hook useEffect has a missing dependency: 'fetchOrders'. Either include it or remove the dependency array  react-hooks/exhaustive-deps

src\Pages\orderScreen\OrderScreen.jsx
  Line 100:9:  The 'activeCart' conditional could make the dependencies of useMemo Hook (at line 103) change on every render. To fix this, wrap the initialization of 'activeCart' in its own useMemo() Hook  react-hooks/exhaustive-deps
  Line 100:9:  The 'activeCart' conditional could make the dependencies of useMemo Hook (at line 112) change on every render. To fix this, wrap the initialization of 'activeCart' in its own useMemo() Hook  react-hooks/exhaustive-deps
  Line 146:6:  React Hook useEffect has a missing dependency: 'handleRequestClose'. Either include it or remove the dependency array                                                                          react-hooks/exhaustive-deps

Search for the keywords to learn more about each warning.
To ignore, add // eslint-disable-next-line to the line before.

[1m[33mWARNING[39m[22m in [1m[eslint] 
src\Pages\AdminDashboard.jsx
  Line 246:6:  React Hook useEffect has a missing dependency: 'fetchAll'. Either include it or remove the dependency array        react-hooks/exhaustive-deps
  Line 276:6:  React Hook useEffect has a missing dependency: 'notifyNewOrder'. Either include it or remove the dependency array  react-hooks/exhaustive-deps

src\Pages\RiderDashboard.jsx
  Line 82:6:  React Hook useEffect has a missing dependency: 'fetchOrders'. Either include it or remove the dependency array  react-hooks/exhaustive-deps

src\Pages\orderScreen\OrderScreen.jsx
  Line 100:9:  The 'activeCart' conditional could make the dependencies of useMemo Hook (at line 103) change on every render. To fix this, wrap the initialization of 'activeCart' in its own useMemo() Hook  react-hooks/exhaustive-deps
  Line 100:9:  The 'activeCart' conditional could make the dependencies of useMemo Hook (at line 112) change on every render. To fix this, wrap the initialization of 'activeCart' in its own useMemo() Hook  react-hooks/exhaustive-deps
  Line 146:6:  React Hook useEffect has a missing dependency: 'handleRequestClose'. Either include it or remove the dependency array                                                                          react-hooks/exhaustive-deps

[39m[22m

webpack compiled with [1m[33m1 warning[39m[22m
Compiling...
Failed to compile.

Syntax error: D:\gouthams-kitchen\GK-client\src\Pages\orderScreen\OrderScreen.css Missed semicolon (1207:12)
 [90m 1205 | [39m  margin[33m:[39m 0[33m;[39m
 [90m 1206 | [39m  color[33m:[39m 
[1m[31m>[39m[22m[90m 1207 | [39m  font-size[33m:[39m 0.9rem[33m;[39m
 [90m      | [39m           [1m[31m^[39m[22m
 [90m 1208 | [39m  max-width[33m:[39m 24rem[33m;[39m
 [90m 1209 | [39m[33m}[39m
[1m[33mWARNING[39m[22m in [1m[eslint] 
src\Pages\AdminDashboard.jsx
  Line 246:6:  React Hook useEffect has a missing dependency: 'fetchAll'. Either include it or remove the dependency array        react-hooks/exhaustive-deps
  Line 276:6:  React Hook useEffect has a missing dependency: 'notifyNewOrder'. Either include it or remove the dependency array  react-hooks/exhaustive-deps

src\Pages\RiderDashboard.jsx
  Line 82:6:  React Hook useEffect has a missing dependency: 'fetchOrders'. Either include it or remove the dependency array  react-hooks/exhaustive-deps

src\Pages\orderScreen\OrderScreen.jsx
  Line 100:9:  The 'activeCart' conditional could make the dependencies of useMemo Hook (at line 103) change on every render. To fix this, wrap the initialization of 'activeCart' in its own useMemo() Hook  react-hooks/exhaustive-deps
  Line 100:9:  The 'activeCart' conditional could make the dependencies of useMemo Hook (at line 112) change on every render. To fix this, wrap the initialization of 'activeCart' in its own useMemo() Hook  react-hooks/exhaustive-deps
  Line 146:6:  React Hook useEffect has a missing dependency: 'handleRequestClose'. Either include it or remove the dependency array                                                                          react-hooks/exhaustive-deps

[39m[22m

[1m[31mERROR[39m[22m in [1m./src/Pages/orderScreen/OrderScreen.css[39m[22m (./node_modules/css-loader/dist/cjs.js??ruleSet[1].rules[1].oneOf[5].use[1]!./node_modules/postcss-loader/dist/cjs.js??ruleSet[1].rules[1].oneOf[5].use[2]!./node_modules/source-map-loader/dist/cjs.js!./src/Pages/orderScreen/OrderScreen.css)
Module build failed (from ./node_modules/postcss-loader/dist/cjs.js):
SyntaxError

(1207:12) D:\gouthams-kitchen\GK-client\src\Pages\orderScreen\OrderScreen.css Missed semicolon

 [90m 1205 | [39m  margin[33m:[39m 0[33m;[39m
 [90m 1206 | [39m  color[33m:[39m 
[1m[31m>[39m[22m[90m 1207 | [39m  font-size[33m:[39m 0.9rem[33m;[39m
 [90m      | [39m           [1m[31m^[39m[22m
 [90m 1208 | [39m  max-width[33m:[39m 24rem[33m;[39m
 [90m 1209 | [39m[33m}[39m

webpack compiled with [1m[31m1 error[39m[22m and [1m[33m1 warning[39m[22m
Compiling...
Failed to compile.

Syntax error: D:\gouthams-kitchen\GK-client\src\Pages\orderScreen\OrderScreen.css Missed semicolon (1206:15)
 [90m 1204 | [39m[33m.order-result-text[39m [33m{[39m
 [90m 1205 | [39m  margin[33m:[39m 0[33m;[39m
[1m[31m>[39m[22m[90m 1206 | [39m  color[33m:[39m black
 [90m      | [39m              [1m[31m^[39m[22m
 [90m 1207 | [39m  font-size[33m:[39m 0.9rem[33m;[39m
 [90m 1208 | [39m  max-width[33m:[39m 24rem[33m;[39m
[1m[33mWARNING[39m[22m in [1m[eslint] 
src\Pages\AdminDashboard.jsx
  Line 246:6:  React Hook useEffect has a missing dependency: 'fetchAll'. Either include it or remove the dependency array        react-hooks/exhaustive-deps
  Line 276:6:  React Hook useEffect has a missing dependency: 'notifyNewOrder'. Either include it or remove the dependency array  react-hooks/exhaustive-deps

src\Pages\RiderDashboard.jsx
  Line 82:6:  React Hook useEffect has a missing dependency: 'fetchOrders'. Either include it or remove the dependency array  react-hooks/exhaustive-deps

src\Pages\orderScreen\OrderScreen.jsx
  Line 100:9:  The 'activeCart' conditional could make the dependencies of useMemo Hook (at line 103) change on every render. To fix this, wrap the initialization of 'activeCart' in its own useMemo() Hook  react-hooks/exhaustive-deps
  Line 100:9:  The 'activeCart' conditional could make the dependencies of useMemo Hook (at line 112) change on every render. To fix this, wrap the initialization of 'activeCart' in its own useMemo() Hook  react-hooks/exhaustive-deps
  Line 146:6:  React Hook useEffect has a missing dependency: 'handleRequestClose'. Either include it or remove the dependency array                                                                          react-hooks/exhaustive-deps

[39m[22m

[1m[31mERROR[39m[22m in [1m./src/Pages/orderScreen/OrderScreen.css[39m[22m (./node_modules/css-loader/dist/cjs.js??ruleSet[1].rules[1].oneOf[5].use[1]!./node_modules/postcss-loader/dist/cjs.js??ruleSet[1].rules[1].oneOf[5].use[2]!./node_modules/source-map-loader/dist/cjs.js!./src/Pages/orderScreen/OrderScreen.css)
Module build failed (from ./node_modules/postcss-loader/dist/cjs.js):
SyntaxError

(1206:15) D:\gouthams-kitchen\GK-client\src\Pages\orderScreen\OrderScreen.css Missed semicolon

 [90m 1204 | [39m[33m.order-result-text[39m [33m{[39m
 [90m 1205 | [39m  margin[33m:[39m 0[33m;[39m
[1m[31m>[39m[22m[90m 1206 | [39m  color[33m:[39m black
 [90m      | [39m              [1m[31m^[39m[22m
 [90m 1207 | [39m  font-size[33m:[39m 0.9rem[33m;[39m
 [90m 1208 | [39m  max-width[33m:[39m 24rem[33m;[39m

webpack compiled with [1m[31m1 error[39m[22m and [1m[33m1 warning[39m[22m
Compiling...
Compiled with warnings.

[eslint] 
src\Pages\AdminDashboard.jsx
  Line 246:6:  React Hook useEffect has a missing dependency: 'fetchAll'. Either include it or remove the dependency array        react-hooks/exhaustive-deps
  Line 276:6:  React Hook useEffect has a missing dependency: 'notifyNewOrder'. Either include it or remove the dependency array  react-hooks/exhaustive-deps

src\Pages\RiderDashboard.jsx
  Line 82:6:  React Hook useEffect has a missing dependency: 'fetchOrders'. Either include it or remove the dependency array  react-hooks/exhaustive-deps

src\Pages\orderScreen\OrderScreen.jsx
  Line 100:9:  The 'activeCart' conditional could make the dependencies of useMemo Hook (at line 103) change on every render. To fix this, wrap the initialization of 'activeCart' in its own useMemo() Hook  react-hooks/exhaustive-deps
  Line 100:9:  The 'activeCart' conditional could make the dependencies of useMemo Hook (at line 112) change on every render. To fix this, wrap the initialization of 'activeCart' in its own useMemo() Hook  react-hooks/exhaustive-deps
  Line 146:6:  React Hook useEffect has a missing dependency: 'handleRequestClose'. Either include it or remove the dependency array                                                                          react-hooks/exhaustive-deps

Search for the keywords to learn more about each warning.
To ignore, add // eslint-disable-next-line to the line before.

[1m[33mWARNING[39m[22m in [1m[eslint] 
src\Pages\AdminDashboard.jsx
  Line 246:6:  React Hook useEffect has a missing dependency: 'fetchAll'. Either include it or remove the dependency array        react-hooks/exhaustive-deps
  Line 276:6:  React Hook useEffect has a missing dependency: 'notifyNewOrder'. Either include it or remove the dependency array  react-hooks/exhaustive-deps

src\Pages\RiderDashboard.jsx
  Line 82:6:  React Hook useEffect has a missing dependency: 'fetchOrders'. Either include it or remove the dependency array  react-hooks/exhaustive-deps

src\Pages\orderScreen\OrderScreen.jsx
  Line 100:9:  The 'activeCart' conditional could make the dependencies of useMemo Hook (at line 103) change on every render. To fix this, wrap the initialization of 'activeCart' in its own useMemo() Hook  react-hooks/exhaustive-deps
  Line 100:9:  The 'activeCart' conditional could make the dependencies of useMemo Hook (at line 112) change on every render. To fix this, wrap the initialization of 'activeCart' in its own useMemo() Hook  react-hooks/exhaustive-deps
  Line 146:6:  React Hook useEffect has a missing dependency: 'handleRequestClose'. Either include it or remove the dependency array                                                                          react-hooks/exhaustive-deps

[39m[22m

webpack compiled with [1m[33m1 warning[39m[22m
Compiling...
Compiled with warnings.

[eslint] 
src\Pages\AdminDashboard.jsx
  Line 246:6:  React Hook useEffect has a missing dependency: 'fetchAll'. Either include it or remove the dependency array        react-hooks/exhaustive-deps
  Line 276:6:  React Hook useEffect has a missing dependency: 'notifyNewOrder'. Either include it or remove the dependency array  react-hooks/exhaustive-deps

src\Pages\RiderDashboard.jsx
  Line 82:6:  React Hook useEffect has a missing dependency: 'fetchOrders'. Either include it or remove the dependency array  react-hooks/exhaustive-deps

src\Pages\orderScreen\OrderScreen.jsx
  Line 100:9:  The 'activeCart' conditional could make the dependencies of useMemo Hook (at line 103) change on every render. To fix this, wrap the initialization of 'activeCart' in its own useMemo() Hook  react-hooks/exhaustive-deps
  Line 100:9:  The 'activeCart' conditional could make the dependencies of useMemo Hook (at line 112) change on every render. To fix this, wrap the initialization of 'activeCart' in its own useMemo() Hook  react-hooks/exhaustive-deps
  Line 146:6:  React Hook useEffect has a missing dependency: 'handleRequestClose'. Either include it or remove the dependency array                                                                          react-hooks/exhaustive-deps

Search for the keywords to learn more about each warning.
To ignore, add // eslint-disable-next-line to the line before.

[1m[33mWARNING[39m[22m in [1m[eslint] 
src\Pages\AdminDashboard.jsx
  Line 246:6:  React Hook useEffect has a missing dependency: 'fetchAll'. Either include it or remove the dependency array        react-hooks/exhaustive-deps
  Line 276:6:  React Hook useEffect has a missing dependency: 'notifyNewOrder'. Either include it or remove the dependency array  react-hooks/exhaustive-deps

src\Pages\RiderDashboard.jsx
  Line 82:6:  React Hook useEffect has a missing dependency: 'fetchOrders'. Either include it or remove the dependency array  react-hooks/exhaustive-deps

src\Pages\orderScreen\OrderScreen.jsx
  Line 100:9:  The 'activeCart' conditional could make the dependencies of useMemo Hook (at line 103) change on every render. To fix this, wrap the initialization of 'activeCart' in its own useMemo() Hook  react-hooks/exhaustive-deps
  Line 100:9:  The 'activeCart' conditional could make the dependencies of useMemo Hook (at line 112) change on every render. To fix this, wrap the initialization of 'activeCart' in its own useMemo() Hook  react-hooks/exhaustive-deps
  Line 146:6:  React Hook useEffect has a missing dependency: 'handleRequestClose'. Either include it or remove the dependency array                                                                          react-hooks/exhaustive-deps

[39m[22m

webpack compiled with [1m[33m1 warning[39m[22m
Compiling...
Compiled with warnings.

[eslint] 
src\Pages\AdminDashboard.jsx
  Line 246:6:  React Hook useEffect has a missing dependency: 'fetchAll'. Either include it or remove the dependency array        react-hooks/exhaustive-deps
  Line 276:6:  React Hook useEffect has a missing dependency: 'notifyNewOrder'. Either include it or remove the dependency array  react-hooks/exhaustive-deps

src\Pages\RiderDashboard.jsx
  Line 82:6:  React Hook useEffect has a missing dependency: 'fetchOrders'. Either include it or remove the dependency array  react-hooks/exhaustive-deps

src\Pages\orderScreen\OrderScreen.jsx
  Line 100:9:  The 'activeCart' conditional could make the dependencies of useMemo Hook (at line 103) change on every render. To fix this, wrap the initialization of 'activeCart' in its own useMemo() Hook  react-hooks/exhaustive-deps
  Line 100:9:  The 'activeCart' conditional could make the dependencies of useMemo Hook (at line 112) change on every render. To fix this, wrap the initialization of 'activeCart' in its own useMemo() Hook  react-hooks/exhaustive-deps
  Line 146:6:  React Hook useEffect has a missing dependency: 'handleRequestClose'. Either include it or remove the dependency array                                                                          react-hooks/exhaustive-deps

Search for the keywords to learn more about each warning.
To ignore, add // eslint-disable-next-line to the line before.

[1m[33mWARNING[39m[22m in [1m[eslint] 
src\Pages\AdminDashboard.jsx
  Line 246:6:  React Hook useEffect has a missing dependency: 'fetchAll'. Either include it or remove the dependency array        react-hooks/exhaustive-deps
  Line 276:6:  React Hook useEffect has a missing dependency: 'notifyNewOrder'. Either include it or remove the dependency array  react-hooks/exhaustive-deps

src\Pages\RiderDashboard.jsx
  Line 82:6:  React Hook useEffect has a missing dependency: 'fetchOrders'. Either include it or remove the dependency array  react-hooks/exhaustive-deps

src\Pages\orderScreen\OrderScreen.jsx
  Line 100:9:  The 'activeCart' conditional could make the dependencies of useMemo Hook (at line 103) change on every render. To fix this, wrap the initialization of 'activeCart' in its own useMemo() Hook  react-hooks/exhaustive-deps
  Line 100:9:  The 'activeCart' conditional could make the dependencies of useMemo Hook (at line 112) change on every render. To fix this, wrap the initialization of 'activeCart' in its own useMemo() Hook  react-hooks/exhaustive-deps
  Line 146:6:  React Hook useEffect has a missing dependency: 'handleRequestClose'. Either include it or remove the dependency array                                                                          react-hooks/exhaustive-deps

[39m[22m

webpack compiled with [1m[33m1 warning[39m[22m
Compiling...
Compiled with warnings.

[eslint] 
src\Pages\AdminDashboard.jsx
  Line 246:6:  React Hook useEffect has a missing dependency: 'fetchAll'. Either include it or remove the dependency array        react-hooks/exhaustive-deps
  Line 276:6:  React Hook useEffect has a missing dependency: 'notifyNewOrder'. Either include it or remove the dependency array  react-hooks/exhaustive-deps

src\Pages\RiderDashboard.jsx
  Line 82:6:  React Hook useEffect has a missing dependency: 'fetchOrders'. Either include it or remove the dependency array  react-hooks/exhaustive-deps

src\Pages\orderScreen\OrderScreen.jsx
  Line 100:9:  The 'activeCart' conditional could make the dependencies of useMemo Hook (at line 103) change on every render. To fix this, wrap the initialization of 'activeCart' in its own useMemo() Hook  react-hooks/exhaustive-deps
  Line 100:9:  The 'activeCart' conditional could make the dependencies of useMemo Hook (at line 112) change on every render. To fix this, wrap the initialization of 'activeCart' in its own useMemo() Hook  react-hooks/exhaustive-deps
  Line 146:6:  React Hook useEffect has a missing dependency: 'handleRequestClose'. Either include it or remove the dependency array                                                                          react-hooks/exhaustive-deps

Search for the keywords to learn more about each warning.
To ignore, add // eslint-disable-next-line to the line before.

[1m[33mWARNING[39m[22m in [1m[eslint] 
src\Pages\AdminDashboard.jsx
  Line 246:6:  React Hook useEffect has a missing dependency: 'fetchAll'. Either include it or remove the dependency array        react-hooks/exhaustive-deps
  Line 276:6:  React Hook useEffect has a missing dependency: 'notifyNewOrder'. Either include it or remove the dependency array  react-hooks/exhaustive-deps

src\Pages\RiderDashboard.jsx
  Line 82:6:  React Hook useEffect has a missing dependency: 'fetchOrders'. Either include it or remove the dependency array  react-hooks/exhaustive-deps

src\Pages\orderScreen\OrderScreen.jsx
  Line 100:9:  The 'activeCart' conditional could make the dependencies of useMemo Hook (at line 103) change on every render. To fix this, wrap the initialization of 'activeCart' in its own useMemo() Hook  react-hooks/exhaustive-deps
  Line 100:9:  The 'activeCart' conditional could make the dependencies of useMemo Hook (at line 112) change on every render. To fix this, wrap the initialization of 'activeCart' in its own useMemo() Hook  react-hooks/exhaustive-deps
  Line 146:6:  React Hook useEffect has a missing dependency: 'handleRequestClose'. Either include it or remove the dependency array                                                                          react-hooks/exhaustive-deps

[39m[22m

webpack compiled with [1m[33m1 warning[39m[22m
Compiling...
Compiled with warnings.

[eslint] 
src\Pages\AdminDashboard.jsx
  Line 246:6:  React Hook useEffect has a missing dependency: 'fetchAll'. Either include it or remove the dependency array        react-hooks/exhaustive-deps
  Line 276:6:  React Hook useEffect has a missing dependency: 'notifyNewOrder'. Either include it or remove the dependency array  react-hooks/exhaustive-deps

src\Pages\RiderDashboard.jsx
  Line 83:6:  React Hook useEffect has a missing dependency: 'fetchOrders'. Either include it or remove the dependency array  react-hooks/exhaustive-deps

src\Pages\orderScreen\OrderScreen.jsx
  Line 100:9:  The 'activeCart' conditional could make the dependencies of useMemo Hook (at line 103) change on every render. To fix this, wrap the initialization of 'activeCart' in its own useMemo() Hook  react-hooks/exhaustive-deps
  Line 100:9:  The 'activeCart' conditional could make the dependencies of useMemo Hook (at line 112) change on every render. To fix this, wrap the initialization of 'activeCart' in its own useMemo() Hook  react-hooks/exhaustive-deps
  Line 146:6:  React Hook useEffect has a missing dependency: 'handleRequestClose'. Either include it or remove the dependency array                                                                          react-hooks/exhaustive-deps

src\components\DeliveryRouteMap.jsx
  Line 157:6:   React Hook useEffect has missing dependencies: 'destinationPoint', 'onRouteInfo', and 'originPoint'. Either include them or remove the dependency array. If 'onRouteInfo' changes too often, find the parent component that defines it and wrap that definition in useCallback  react-hooks/exhaustive-deps
  Line 157:7:   React Hook useEffect has a complex expression in the dependency array. Extract it to a separate variable so it can be statically checked                                                                                                                                        react-hooks/exhaustive-deps
  Line 157:25:  React Hook useEffect has a complex expression in the dependency array. Extract it to a separate variable so it can be statically checked                                                                                                                                        react-hooks/exhaustive-deps
  Line 157:43:  React Hook useEffect has a complex expression in the dependency array. Extract it to a separate variable so it can be statically checked                                                                                                                                        react-hooks/exhaustive-deps
  Line 157:66:  React Hook useEffect has a complex expression in the dependency array. Extract it to a separate variable so it can be statically checked                                                                                                                                        react-hooks/exhaustive-deps

Search for the keywords to learn more about each warning.
To ignore, add // eslint-disable-next-line to the line before.

[1m[33mWARNING[39m[22m in [1m[eslint] 
src\Pages\AdminDashboard.jsx
  Line 246:6:  React Hook useEffect has a missing dependency: 'fetchAll'. Either include it or remove the dependency array        react-hooks/exhaustive-deps
  Line 276:6:  React Hook useEffect has a missing dependency: 'notifyNewOrder'. Either include it or remove the dependency array  react-hooks/exhaustive-deps

src\Pages\RiderDashboard.jsx
  Line 83:6:  React Hook useEffect has a missing dependency: 'fetchOrders'. Either include it or remove the dependency array  react-hooks/exhaustive-deps

src\Pages\orderScreen\OrderScreen.jsx
  Line 100:9:  The 'activeCart' conditional could make the dependencies of useMemo Hook (at line 103) change on every render. To fix this, wrap the initialization of 'activeCart' in its own useMemo() Hook  react-hooks/exhaustive-deps
  Line 100:9:  The 'activeCart' conditional could make the dependencies of useMemo Hook (at line 112) change on every render. To fix this, wrap the initialization of 'activeCart' in its own useMemo() Hook  react-hooks/exhaustive-deps
  Line 146:6:  React Hook useEffect has a missing dependency: 'handleRequestClose'. Either include it or remove the dependency array                                                                          react-hooks/exhaustive-deps

src\components\DeliveryRouteMap.jsx
  Line 157:6:   React Hook useEffect has missing dependencies: 'destinationPoint', 'onRouteInfo', and 'originPoint'. Either include them or remove the dependency array. If 'onRouteInfo' changes too often, find the parent component that defines it and wrap that definition in useCallback  react-hooks/exhaustive-deps
  Line 157:7:   React Hook useEffect has a complex expression in the dependency array. Extract it to a separate variable so it can be statically checked                                                                                                                                        react-hooks/exhaustive-deps
  Line 157:25:  React Hook useEffect has a complex expression in the dependency array. Extract it to a separate variable so it can be statically checked                                                                                                                                        react-hooks/exhaustive-deps
  Line 157:43:  React Hook useEffect has a complex expression in the dependency array. Extract it to a separate variable so it can be statically checked                                                                                                                                        react-hooks/exhaustive-deps
  Line 157:66:  React Hook useEffect has a complex expression in the dependency array. Extract it to a separate variable so it can be statically checked                                                                                                                                        react-hooks/exhaustive-deps

[39m[22m

webpack compiled with [1m[33m1 warning[39m[22m
Compiling...
Compiled with warnings.

[eslint] 
src\Pages\AdminDashboard.jsx
  Line 246:6:  React Hook useEffect has a missing dependency: 'fetchAll'. Either include it or remove the dependency array        react-hooks/exhaustive-deps
  Line 276:6:  React Hook useEffect has a missing dependency: 'notifyNewOrder'. Either include it or remove the dependency array  react-hooks/exhaustive-deps

src\Pages\RiderDashboard.jsx
  Line 83:6:  React Hook useEffect has a missing dependency: 'fetchOrders'. Either include it or remove the dependency array  react-hooks/exhaustive-deps

src\Pages\orderScreen\OrderScreen.jsx
  Line 100:9:  The 'activeCart' conditional could make the dependencies of useMemo Hook (at line 103) change on every render. To fix this, wrap the initialization of 'activeCart' in its own useMemo() Hook  react-hooks/exhaustive-deps
  Line 100:9:  The 'activeCart' conditional could make the dependencies of useMemo Hook (at line 112) change on every render. To fix this, wrap the initialization of 'activeCart' in its own useMemo() Hook  react-hooks/exhaustive-deps
  Line 146:6:  React Hook useEffect has a missing dependency: 'handleRequestClose'. Either include it or remove the dependency array                                                                          react-hooks/exhaustive-deps

src\components\DeliveryRouteMap.jsx
  Line 157:6:   React Hook useEffect has missing dependencies: 'destinationPoint', 'onRouteInfo', and 'originPoint'. Either include them or remove the dependency array. If 'onRouteInfo' changes too often, find the parent component that defines it and wrap that definition in useCallback  react-hooks/exhaustive-deps
  Line 157:7:   React Hook useEffect has a complex expression in the dependency array. Extract it to a separate variable so it can be statically checked                                                                                                                                        react-hooks/exhaustive-deps
  Line 157:25:  React Hook useEffect has a complex expression in the dependency array. Extract it to a separate variable so it can be statically checked                                                                                                                                        react-hooks/exhaustive-deps
  Line 157:43:  React Hook useEffect has a complex expression in the dependency array. Extract it to a separate variable so it can be statically checked                                                                                                                                        react-hooks/exhaustive-deps
  Line 157:66:  React Hook useEffect has a complex expression in the dependency array. Extract it to a separate variable so it can be statically checked                                                                                                                                        react-hooks/exhaustive-deps

Search for the keywords to learn more about each warning.
To ignore, add // eslint-disable-next-line to the line before.

[1m[33mWARNING[39m[22m in [1m[eslint] 
src\Pages\AdminDashboard.jsx
  Line 246:6:  React Hook useEffect has a missing dependency: 'fetchAll'. Either include it or remove the dependency array        react-hooks/exhaustive-deps
  Line 276:6:  React Hook useEffect has a missing dependency: 'notifyNewOrder'. Either include it or remove the dependency array  react-hooks/exhaustive-deps

src\Pages\RiderDashboard.jsx
  Line 83:6:  React Hook useEffect has a missing dependency: 'fetchOrders'. Either include it or remove the dependency array  react-hooks/exhaustive-deps

src\Pages\orderScreen\OrderScreen.jsx
  Line 100:9:  The 'activeCart' conditional could make the dependencies of useMemo Hook (at line 103) change on every render. To fix this, wrap the initialization of 'activeCart' in its own useMemo() Hook  react-hooks/exhaustive-deps
  Line 100:9:  The 'activeCart' conditional could make the dependencies of useMemo Hook (at line 112) change on every render. To fix this, wrap the initialization of 'activeCart' in its own useMemo() Hook  react-hooks/exhaustive-deps
  Line 146:6:  React Hook useEffect has a missing dependency: 'handleRequestClose'. Either include it or remove the dependency array                                                                          react-hooks/exhaustive-deps

src\components\DeliveryRouteMap.jsx
  Line 157:6:   React Hook useEffect has missing dependencies: 'destinationPoint', 'onRouteInfo', and 'originPoint'. Either include them or remove the dependency array. If 'onRouteInfo' changes too often, find the parent component that defines it and wrap that definition in useCallback  react-hooks/exhaustive-deps
  Line 157:7:   React Hook useEffect has a complex expression in the dependency array. Extract it to a separate variable so it can be statically checked                                                                                                                                        react-hooks/exhaustive-deps
  Line 157:25:  React Hook useEffect has a complex expression in the dependency array. Extract it to a separate variable so it can be statically checked                                                                                                                                        react-hooks/exhaustive-deps
  Line 157:43:  React Hook useEffect has a complex expression in the dependency array. Extract it to a separate variable so it can be statically checked                                                                                                                                        react-hooks/exhaustive-deps
  Line 157:66:  React Hook useEffect has a complex expression in the dependency array. Extract it to a separate variable so it can be statically checked                                                                                                                                        react-hooks/exhaustive-deps

[39m[22m

webpack compiled with [1m[33m1 warning[39m[22m
Compiling...
Compiled with warnings.

[eslint] 
src\Pages\AdminDashboard.jsx
  Line 246:6:  React Hook useEffect has a missing dependency: 'fetchAll'. Either include it or remove the dependency array        react-hooks/exhaustive-deps
  Line 276:6:  React Hook useEffect has a missing dependency: 'notifyNewOrder'. Either include it or remove the dependency array  react-hooks/exhaustive-deps

src\Pages\RiderDashboard.jsx
  Line 83:6:  React Hook useEffect has a missing dependency: 'fetchOrders'. Either include it or remove the dependency array  react-hooks/exhaustive-deps

src\Pages\orderScreen\OrderScreen.jsx
  Line 100:9:  The 'activeCart' conditional could make the dependencies of useMemo Hook (at line 103) change on every render. To fix this, wrap the initialization of 'activeCart' in its own useMemo() Hook  react-hooks/exhaustive-deps
  Line 100:9:  The 'activeCart' conditional could make the dependencies of useMemo Hook (at line 112) change on every render. To fix this, wrap the initialization of 'activeCart' in its own useMemo() Hook  react-hooks/exhaustive-deps
  Line 146:6:  React Hook useEffect has a missing dependency: 'handleRequestClose'. Either include it or remove the dependency array                                                                          react-hooks/exhaustive-deps

src\components\DeliveryRouteMap.jsx
  Line 157:6:   React Hook useEffect has missing dependencies: 'destinationPoint', 'onRouteInfo', and 'originPoint'. Either include them or remove the dependency array. If 'onRouteInfo' changes too often, find the parent component that defines it and wrap that definition in useCallback  react-hooks/exhaustive-deps
  Line 157:7:   React Hook useEffect has a complex expression in the dependency array. Extract it to a separate variable so it can be statically checked                                                                                                                                        react-hooks/exhaustive-deps
  Line 157:25:  React Hook useEffect has a complex expression in the dependency array. Extract it to a separate variable so it can be statically checked                                                                                                                                        react-hooks/exhaustive-deps
  Line 157:43:  React Hook useEffect has a complex expression in the dependency array. Extract it to a separate variable so it can be statically checked                                                                                                                                        react-hooks/exhaustive-deps
  Line 157:66:  React Hook useEffect has a complex expression in the dependency array. Extract it to a separate variable so it can be statically checked                                                                                                                                        react-hooks/exhaustive-deps

Search for the keywords to learn more about each warning.
To ignore, add // eslint-disable-next-line to the line before.

[1m[33mWARNING[39m[22m in [1m[eslint] 
src\Pages\AdminDashboard.jsx
  Line 246:6:  React Hook useEffect has a missing dependency: 'fetchAll'. Either include it or remove the dependency array        react-hooks/exhaustive-deps
  Line 276:6:  React Hook useEffect has a missing dependency: 'notifyNewOrder'. Either include it or remove the dependency array  react-hooks/exhaustive-deps

src\Pages\RiderDashboard.jsx
  Line 83:6:  React Hook useEffect has a missing dependency: 'fetchOrders'. Either include it or remove the dependency array  react-hooks/exhaustive-deps

src\Pages\orderScreen\OrderScreen.jsx
  Line 100:9:  The 'activeCart' conditional could make the dependencies of useMemo Hook (at line 103) change on every render. To fix this, wrap the initialization of 'activeCart' in its own useMemo() Hook  react-hooks/exhaustive-deps
  Line 100:9:  The 'activeCart' conditional could make the dependencies of useMemo Hook (at line 112) change on every render. To fix this, wrap the initialization of 'activeCart' in its own useMemo() Hook  react-hooks/exhaustive-deps
  Line 146:6:  React Hook useEffect has a missing dependency: 'handleRequestClose'. Either include it or remove the dependency array                                                                          react-hooks/exhaustive-deps

src\components\DeliveryRouteMap.jsx
  Line 157:6:   React Hook useEffect has missing dependencies: 'destinationPoint', 'onRouteInfo', and 'originPoint'. Either include them or remove the dependency array. If 'onRouteInfo' changes too often, find the parent component that defines it and wrap that definition in useCallback  react-hooks/exhaustive-deps
  Line 157:7:   React Hook useEffect has a complex expression in the dependency array. Extract it to a separate variable so it can be statically checked                                                                                                                                        react-hooks/exhaustive-deps
  Line 157:25:  React Hook useEffect has a complex expression in the dependency array. Extract it to a separate variable so it can be statically checked                                                                                                                                        react-hooks/exhaustive-deps
  Line 157:43:  React Hook useEffect has a complex expression in the dependency array. Extract it to a separate variable so it can be statically checked                                                                                                                                        react-hooks/exhaustive-deps
  Line 157:66:  React Hook useEffect has a complex expression in the dependency array. Extract it to a separate variable so it can be statically checked                                                                                                                                        react-hooks/exhaustive-deps

[39m[22m

webpack compiled with [1m[33m1 warning[39m[22m
Compiling...
Compiled with warnings.

[eslint] 
src\Pages\AdminDashboard.jsx
  Line 246:6:  React Hook useEffect has a missing dependency: 'fetchAll'. Either include it or remove the dependency array        react-hooks/exhaustive-deps
  Line 276:6:  React Hook useEffect has a missing dependency: 'notifyNewOrder'. Either include it or remove the dependency array  react-hooks/exhaustive-deps

src\Pages\RiderDashboard.jsx
  Line 83:6:  React Hook useEffect has a missing dependency: 'fetchOrders'. Either include it or remove the dependency array  react-hooks/exhaustive-deps

src\Pages\orderScreen\OrderScreen.jsx
  Line 100:9:  The 'activeCart' conditional could make the dependencies of useMemo Hook (at line 103) change on every render. To fix this, wrap the initialization of 'activeCart' in its own useMemo() Hook  react-hooks/exhaustive-deps
  Line 100:9:  The 'activeCart' conditional could make the dependencies of useMemo Hook (at line 112) change on every render. To fix this, wrap the initialization of 'activeCart' in its own useMemo() Hook  react-hooks/exhaustive-deps
  Line 146:6:  React Hook useEffect has a missing dependency: 'handleRequestClose'. Either include it or remove the dependency array                                                                          react-hooks/exhaustive-deps

src\components\DeliveryRouteMap.jsx
  Line 157:6:   React Hook useEffect has missing dependencies: 'destinationPoint', 'onRouteInfo', and 'originPoint'. Either include them or remove the dependency array. If 'onRouteInfo' changes too often, find the parent component that defines it and wrap that definition in useCallback  react-hooks/exhaustive-deps
  Line 157:7:   React Hook useEffect has a complex expression in the dependency array. Extract it to a separate variable so it can be statically checked                                                                                                                                        react-hooks/exhaustive-deps
  Line 157:25:  React Hook useEffect has a complex expression in the dependency array. Extract it to a separate variable so it can be statically checked                                                                                                                                        react-hooks/exhaustive-deps
  Line 157:43:  React Hook useEffect has a complex expression in the dependency array. Extract it to a separate variable so it can be statically checked                                                                                                                                        react-hooks/exhaustive-deps
  Line 157:66:  React Hook useEffect has a complex expression in the dependency array. Extract it to a separate variable so it can be statically checked                                                                                                                                        react-hooks/exhaustive-deps

Search for the keywords to learn more about each warning.
To ignore, add // eslint-disable-next-line to the line before.

[1m[33mWARNING[39m[22m in [1m[eslint] 
src\Pages\AdminDashboard.jsx
  Line 246:6:  React Hook useEffect has a missing dependency: 'fetchAll'. Either include it or remove the dependency array        react-hooks/exhaustive-deps
  Line 276:6:  React Hook useEffect has a missing dependency: 'notifyNewOrder'. Either include it or remove the dependency array  react-hooks/exhaustive-deps

src\Pages\RiderDashboard.jsx
  Line 83:6:  React Hook useEffect has a missing dependency: 'fetchOrders'. Either include it or remove the dependency array  react-hooks/exhaustive-deps

src\Pages\orderScreen\OrderScreen.jsx
  Line 100:9:  The 'activeCart' conditional could make the dependencies of useMemo Hook (at line 103) change on every render. To fix this, wrap the initialization of 'activeCart' in its own useMemo() Hook  react-hooks/exhaustive-deps
  Line 100:9:  The 'activeCart' conditional could make the dependencies of useMemo Hook (at line 112) change on every render. To fix this, wrap the initialization of 'activeCart' in its own useMemo() Hook  react-hooks/exhaustive-deps
  Line 146:6:  React Hook useEffect has a missing dependency: 'handleRequestClose'. Either include it or remove the dependency array                                                                          react-hooks/exhaustive-deps

src\components\DeliveryRouteMap.jsx
  Line 157:6:   React Hook useEffect has missing dependencies: 'destinationPoint', 'onRouteInfo', and 'originPoint'. Either include them or remove the dependency array. If 'onRouteInfo' changes too often, find the parent component that defines it and wrap that definition in useCallback  react-hooks/exhaustive-deps
  Line 157:7:   React Hook useEffect has a complex expression in the dependency array. Extract it to a separate variable so it can be statically checked                                                                                                                                        react-hooks/exhaustive-deps
  Line 157:25:  React Hook useEffect has a complex expression in the dependency array. Extract it to a separate variable so it can be statically checked                                                                                                                                        react-hooks/exhaustive-deps
  Line 157:43:  React Hook useEffect has a complex expression in the dependency array. Extract it to a separate variable so it can be statically checked                                                                                                                                        react-hooks/exhaustive-deps
  Line 157:66:  React Hook useEffect has a complex expression in the dependency array. Extract it to a separate variable so it can be statically checked                                                                                                                                        react-hooks/exhaustive-deps

[39m[22m

webpack compiled with [1m[33m1 warning[39m[22m
Compiling...
Compiled with warnings.

[eslint] 
src\Pages\AdminDashboard.jsx
  Line 246:6:  React Hook useEffect has a missing dependency: 'fetchAll'. Either include it or remove the dependency array        react-hooks/exhaustive-deps
  Line 276:6:  React Hook useEffect has a missing dependency: 'notifyNewOrder'. Either include it or remove the dependency array  react-hooks/exhaustive-deps

src\Pages\RiderDashboard.jsx
  Line 83:6:  React Hook useEffect has a missing dependency: 'fetchOrders'. Either include it or remove the dependency array  react-hooks/exhaustive-deps

src\Pages\orderScreen\OrderScreen.jsx
  Line 100:9:  The 'activeCart' conditional could make the dependencies of useMemo Hook (at line 103) change on every render. To fix this, wrap the initialization of 'activeCart' in its own useMemo() Hook  react-hooks/exhaustive-deps
  Line 100:9:  The 'activeCart' conditional could make the dependencies of useMemo Hook (at line 112) change on every render. To fix this, wrap the initialization of 'activeCart' in its own useMemo() Hook  react-hooks/exhaustive-deps
  Line 146:6:  React Hook useEffect has a missing dependency: 'handleRequestClose'. Either include it or remove the dependency array                                                                          react-hooks/exhaustive-deps

src\components\DeliveryRouteMap.jsx
  Line 157:6:   React Hook useEffect has missing dependencies: 'destinationPoint', 'onRouteInfo', and 'originPoint'. Either include them or remove the dependency array. If 'onRouteInfo' changes too often, find the parent component that defines it and wrap that definition in useCallback  react-hooks/exhaustive-deps
  Line 157:7:   React Hook useEffect has a complex expression in the dependency array. Extract it to a separate variable so it can be statically checked                                                                                                                                        react-hooks/exhaustive-deps
  Line 157:25:  React Hook useEffect has a complex expression in the dependency array. Extract it to a separate variable so it can be statically checked                                                                                                                                        react-hooks/exhaustive-deps
  Line 157:43:  React Hook useEffect has a complex expression in the dependency array. Extract it to a separate variable so it can be statically checked                                                                                                                                        react-hooks/exhaustive-deps
  Line 157:66:  React Hook useEffect has a complex expression in the dependency array. Extract it to a separate variable so it can be statically checked                                                                                                                                        react-hooks/exhaustive-deps

Search for the keywords to learn more about each warning.
To ignore, add // eslint-disable-next-line to the line before.

[1m[33mWARNING[39m[22m in [1m[eslint] 
src\Pages\AdminDashboard.jsx
  Line 246:6:  React Hook useEffect has a missing dependency: 'fetchAll'. Either include it or remove the dependency array        react-hooks/exhaustive-deps
  Line 276:6:  React Hook useEffect has a missing dependency: 'notifyNewOrder'. Either include it or remove the dependency array  react-hooks/exhaustive-deps

src\Pages\RiderDashboard.jsx
  Line 83:6:  React Hook useEffect has a missing dependency: 'fetchOrders'. Either include it or remove the dependency array  react-hooks/exhaustive-deps

src\Pages\orderScreen\OrderScreen.jsx
  Line 100:9:  The 'activeCart' conditional could make the dependencies of useMemo Hook (at line 103) change on every render. To fix this, wrap the initialization of 'activeCart' in its own useMemo() Hook  react-hooks/exhaustive-deps
  Line 100:9:  The 'activeCart' conditional could make the dependencies of useMemo Hook (at line 112) change on every render. To fix this, wrap the initialization of 'activeCart' in its own useMemo() Hook  react-hooks/exhaustive-deps
  Line 146:6:  React Hook useEffect has a missing dependency: 'handleRequestClose'. Either include it or remove the dependency array                                                                          react-hooks/exhaustive-deps

src\components\DeliveryRouteMap.jsx
  Line 157:6:   React Hook useEffect has missing dependencies: 'destinationPoint', 'onRouteInfo', and 'originPoint'. Either include them or remove the dependency array. If 'onRouteInfo' changes too often, find the parent component that defines it and wrap that definition in useCallback  react-hooks/exhaustive-deps
  Line 157:7:   React Hook useEffect has a complex expression in the dependency array. Extract it to a separate variable so it can be statically checked                                                                                                                                        react-hooks/exhaustive-deps
  Line 157:25:  React Hook useEffect has a complex expression in the dependency array. Extract it to a separate variable so it can be statically checked                                                                                                                                        react-hooks/exhaustive-deps
  Line 157:43:  React Hook useEffect has a complex expression in the dependency array. Extract it to a separate variable so it can be statically checked                                                                                                                                        react-hooks/exhaustive-deps
  Line 157:66:  React Hook useEffect has a complex expression in the dependency array. Extract it to a separate variable so it can be statically checked                                                                                                                                        react-hooks/exhaustive-deps

[39m[22m

webpack compiled with [1m[33m1 warning[39m[22m
Compiling...
Compiled with warnings.

[eslint] 
src\Pages\AdminDashboard.jsx
  Line 246:6:  React Hook useEffect has a missing dependency: 'fetchAll'. Either include it or remove the dependency array        react-hooks/exhaustive-deps
  Line 276:6:  React Hook useEffect has a missing dependency: 'notifyNewOrder'. Either include it or remove the dependency array  react-hooks/exhaustive-deps

src\Pages\RiderDashboard.jsx
  Line 83:6:  React Hook useEffect has a missing dependency: 'fetchOrders'. Either include it or remove the dependency array  react-hooks/exhaustive-deps

src\Pages\orderScreen\OrderScreen.jsx
  Line 100:9:  The 'activeCart' conditional could make the dependencies of useMemo Hook (at line 103) change on every render. To fix this, wrap the initialization of 'activeCart' in its own useMemo() Hook  react-hooks/exhaustive-deps
  Line 100:9:  The 'activeCart' conditional could make the dependencies of useMemo Hook (at line 112) change on every render. To fix this, wrap the initialization of 'activeCart' in its own useMemo() Hook  react-hooks/exhaustive-deps
  Line 146:6:  React Hook useEffect has a missing dependency: 'handleRequestClose'. Either include it or remove the dependency array                                                                          react-hooks/exhaustive-deps

src\components\DeliveryRouteMap.jsx
  Line 157:6:   React Hook useEffect has missing dependencies: 'destinationPoint', 'onRouteInfo', and 'originPoint'. Either include them or remove the dependency array. If 'onRouteInfo' changes too often, find the parent component that defines it and wrap that definition in useCallback  react-hooks/exhaustive-deps
  Line 157:7:   React Hook useEffect has a complex expression in the dependency array. Extract it to a separate variable so it can be statically checked                                                                                                                                        react-hooks/exhaustive-deps
  Line 157:25:  React Hook useEffect has a complex expression in the dependency array. Extract it to a separate variable so it can be statically checked                                                                                                                                        react-hooks/exhaustive-deps
  Line 157:43:  React Hook useEffect has a complex expression in the dependency array. Extract it to a separate variable so it can be statically checked                                                                                                                                        react-hooks/exhaustive-deps
  Line 157:66:  React Hook useEffect has a complex expression in the dependency array. Extract it to a separate variable so it can be statically checked                                                                                                                                        react-hooks/exhaustive-deps

Search for the keywords to learn more about each warning.
To ignore, add // eslint-disable-next-line to the line before.

[1m[33mWARNING[39m[22m in [1m[eslint] 
src\Pages\AdminDashboard.jsx
  Line 246:6:  React Hook useEffect has a missing dependency: 'fetchAll'. Either include it or remove the dependency array        react-hooks/exhaustive-deps
  Line 276:6:  React Hook useEffect has a missing dependency: 'notifyNewOrder'. Either include it or remove the dependency array  react-hooks/exhaustive-deps

src\Pages\RiderDashboard.jsx
  Line 83:6:  React Hook useEffect has a missing dependency: 'fetchOrders'. Either include it or remove the dependency array  react-hooks/exhaustive-deps

src\Pages\orderScreen\OrderScreen.jsx
  Line 100:9:  The 'activeCart' conditional could make the dependencies of useMemo Hook (at line 103) change on every render. To fix this, wrap the initialization of 'activeCart' in its own useMemo() Hook  react-hooks/exhaustive-deps
  Line 100:9:  The 'activeCart' conditional could make the dependencies of useMemo Hook (at line 112) change on every render. To fix this, wrap the initialization of 'activeCart' in its own useMemo() Hook  react-hooks/exhaustive-deps
  Line 146:6:  React Hook useEffect has a missing dependency: 'handleRequestClose'. Either include it or remove the dependency array                                                                          react-hooks/exhaustive-deps

src\components\DeliveryRouteMap.jsx
  Line 157:6:   React Hook useEffect has missing dependencies: 'destinationPoint', 'onRouteInfo', and 'originPoint'. Either include them or remove the dependency array. If 'onRouteInfo' changes too often, find the parent component that defines it and wrap that definition in useCallback  react-hooks/exhaustive-deps
  Line 157:7:   React Hook useEffect has a complex expression in the dependency array. Extract it to a separate variable so it can be statically checked                                                                                                                                        react-hooks/exhaustive-deps
  Line 157:25:  React Hook useEffect has a complex expression in the dependency array. Extract it to a separate variable so it can be statically checked                                                                                                                                        react-hooks/exhaustive-deps
  Line 157:43:  React Hook useEffect has a complex expression in the dependency array. Extract it to a separate variable so it can be statically checked                                                                                                                                        react-hooks/exhaustive-deps
  Line 157:66:  React Hook useEffect has a complex expression in the dependency array. Extract it to a separate variable so it can be statically checked                                                                                                                                        react-hooks/exhaustive-deps

[39m[22m

webpack compiled with [1m[33m1 warning[39m[22m
Compiling...
Compiled with warnings.

[eslint] 
src\Pages\AdminDashboard.jsx
  Line 246:6:  React Hook useEffect has a missing dependency: 'fetchAll'. Either include it or remove the dependency array        react-hooks/exhaustive-deps
  Line 276:6:  React Hook useEffect has a missing dependency: 'notifyNewOrder'. Either include it or remove the dependency array  react-hooks/exhaustive-deps

src\Pages\RiderDashboard.jsx
  Line 83:6:  React Hook useEffect has a missing dependency: 'fetchOrders'. Either include it or remove the dependency array  react-hooks/exhaustive-deps

src\Pages\orderScreen\OrderScreen.jsx
  Line 100:9:  The 'activeCart' conditional could make the dependencies of useMemo Hook (at line 103) change on every render. To fix this, wrap the initialization of 'activeCart' in its own useMemo() Hook  react-hooks/exhaustive-deps
  Line 100:9:  The 'activeCart' conditional could make the dependencies of useMemo Hook (at line 112) change on every render. To fix this, wrap the initialization of 'activeCart' in its own useMemo() Hook  react-hooks/exhaustive-deps
  Line 146:6:  React Hook useEffect has a missing dependency: 'handleRequestClose'. Either include it or remove the dependency array                                                                          react-hooks/exhaustive-deps

Search for the keywords to learn more about each warning.
To ignore, add // eslint-disable-next-line to the line before.

[1m[33mWARNING[39m[22m in [1m[eslint] 
src\Pages\AdminDashboard.jsx
  Line 246:6:  React Hook useEffect has a missing dependency: 'fetchAll'. Either include it or remove the dependency array        react-hooks/exhaustive-deps
  Line 276:6:  React Hook useEffect has a missing dependency: 'notifyNewOrder'. Either include it or remove the dependency array  react-hooks/exhaustive-deps

src\Pages\RiderDashboard.jsx
  Line 83:6:  React Hook useEffect has a missing dependency: 'fetchOrders'. Either include it or remove the dependency array  react-hooks/exhaustive-deps

src\Pages\orderScreen\OrderScreen.jsx
  Line 100:9:  The 'activeCart' conditional could make the dependencies of useMemo Hook (at line 103) change on every render. To fix this, wrap the initialization of 'activeCart' in its own useMemo() Hook  react-hooks/exhaustive-deps
  Line 100:9:  The 'activeCart' conditional could make the dependencies of useMemo Hook (at line 112) change on every render. To fix this, wrap the initialization of 'activeCart' in its own useMemo() Hook  react-hooks/exhaustive-deps
  Line 146:6:  React Hook useEffect has a missing dependency: 'handleRequestClose'. Either include it or remove the dependency array                                                                          react-hooks/exhaustive-deps

[39m[22m

webpack compiled with [1m[33m1 warning[39m[22m
Compiling...
Compiled with warnings.

[eslint] 
src\Pages\AdminDashboard.jsx
  Line 246:6:  React Hook useEffect has a missing dependency: 'fetchAll'. Either include it or remove the dependency array        react-hooks/exhaustive-deps
  Line 276:6:  React Hook useEffect has a missing dependency: 'notifyNewOrder'. Either include it or remove the dependency array  react-hooks/exhaustive-deps

src\Pages\RiderDashboard.jsx
  Line 83:6:  React Hook useEffect has a missing dependency: 'fetchOrders'. Either include it or remove the dependency array  react-hooks/exhaustive-deps

src\Pages\orderScreen\OrderScreen.jsx
  Line 100:9:  The 'activeCart' conditional could make the dependencies of useMemo Hook (at line 103) change on every render. To fix this, wrap the initialization of 'activeCart' in its own useMemo() Hook  react-hooks/exhaustive-deps
  Line 100:9:  The 'activeCart' conditional could make the dependencies of useMemo Hook (at line 112) change on every render. To fix this, wrap the initialization of 'activeCart' in its own useMemo() Hook  react-hooks/exhaustive-deps
  Line 146:6:  React Hook useEffect has a missing dependency: 'handleRequestClose'. Either include it or remove the dependency array                                                                          react-hooks/exhaustive-deps

src\components\DeliveryRouteMap.jsx
  Line 113:5:  React Hook useMemo has a missing dependency: 'destination'. Either include it or remove the dependency array                             react-hooks/exhaustive-deps
  Line 117:5:  React Hook useMemo has a missing dependency: 'origin'. Either include it or remove the dependency array                                  react-hooks/exhaustive-deps
  Line 177:6:  React Hook useEffect has missing dependencies: 'destinationPoint' and 'originPoint'. Either include them or remove the dependency array  react-hooks/exhaustive-deps

Search for the keywords to learn more about each warning.
To ignore, add // eslint-disable-next-line to the line before.

[1m[33mWARNING[39m[22m in [1m[eslint] 
src\Pages\AdminDashboard.jsx
  Line 246:6:  React Hook useEffect has a missing dependency: 'fetchAll'. Either include it or remove the dependency array        react-hooks/exhaustive-deps
  Line 276:6:  React Hook useEffect has a missing dependency: 'notifyNewOrder'. Either include it or remove the dependency array  react-hooks/exhaustive-deps

src\Pages\RiderDashboard.jsx
  Line 83:6:  React Hook useEffect has a missing dependency: 'fetchOrders'. Either include it or remove the dependency array  react-hooks/exhaustive-deps

src\Pages\orderScreen\OrderScreen.jsx
  Line 100:9:  The 'activeCart' conditional could make the dependencies of useMemo Hook (at line 103) change on every render. To fix this, wrap the initialization of 'activeCart' in its own useMemo() Hook  react-hooks/exhaustive-deps
  Line 100:9:  The 'activeCart' conditional could make the dependencies of useMemo Hook (at line 112) change on every render. To fix this, wrap the initialization of 'activeCart' in its own useMemo() Hook  react-hooks/exhaustive-deps
  Line 146:6:  React Hook useEffect has a missing dependency: 'handleRequestClose'. Either include it or remove the dependency array                                                                          react-hooks/exhaustive-deps

src\components\DeliveryRouteMap.jsx
  Line 113:5:  React Hook useMemo has a missing dependency: 'destination'. Either include it or remove the dependency array                             react-hooks/exhaustive-deps
  Line 117:5:  React Hook useMemo has a missing dependency: 'origin'. Either include it or remove the dependency array                                  react-hooks/exhaustive-deps
  Line 177:6:  React Hook useEffect has missing dependencies: 'destinationPoint' and 'originPoint'. Either include them or remove the dependency array  react-hooks/exhaustive-deps

[39m[22m

webpack compiled with [1m[33m1 warning[39m[22m
Compiling...
Compiled with warnings.

[eslint] 
src\Pages\AdminDashboard.jsx
  Line 246:6:  React Hook useEffect has a missing dependency: 'fetchAll'. Either include it or remove the dependency array        react-hooks/exhaustive-deps
  Line 276:6:  React Hook useEffect has a missing dependency: 'notifyNewOrder'. Either include it or remove the dependency array  react-hooks/exhaustive-deps

src\Pages\RiderDashboard.jsx
  Line 83:6:  React Hook useEffect has a missing dependency: 'fetchOrders'. Either include it or remove the dependency array  react-hooks/exhaustive-deps

src\Pages\orderScreen\OrderScreen.jsx
  Line 100:9:  The 'activeCart' conditional could make the dependencies of useMemo Hook (at line 103) change on every render. To fix this, wrap the initialization of 'activeCart' in its own useMemo() Hook  react-hooks/exhaustive-deps
  Line 100:9:  The 'activeCart' conditional could make the dependencies of useMemo Hook (at line 112) change on every render. To fix this, wrap the initialization of 'activeCart' in its own useMemo() Hook  react-hooks/exhaustive-deps
  Line 146:6:  React Hook useEffect has a missing dependency: 'handleRequestClose'. Either include it or remove the dependency array                                                                          react-hooks/exhaustive-deps

src\components\DeliveryRouteMap.jsx
  Line 14:7:  'toPoint' is assigned a value but never used  no-unused-vars

Search for the keywords to learn more about each warning.
To ignore, add // eslint-disable-next-line to the line before.

[1m[33mWARNING[39m[22m in [1m[eslint] 
src\Pages\AdminDashboard.jsx
  Line 246:6:  React Hook useEffect has a missing dependency: 'fetchAll'. Either include it or remove the dependency array        react-hooks/exhaustive-deps
  Line 276:6:  React Hook useEffect has a missing dependency: 'notifyNewOrder'. Either include it or remove the dependency array  react-hooks/exhaustive-deps

src\Pages\RiderDashboard.jsx
  Line 83:6:  React Hook useEffect has a missing dependency: 'fetchOrders'. Either include it or remove the dependency array  react-hooks/exhaustive-deps

src\Pages\orderScreen\OrderScreen.jsx
  Line 100:9:  The 'activeCart' conditional could make the dependencies of useMemo Hook (at line 103) change on every render. To fix this, wrap the initialization of 'activeCart' in its own useMemo() Hook  react-hooks/exhaustive-deps
  Line 100:9:  The 'activeCart' conditional could make the dependencies of useMemo Hook (at line 112) change on every render. To fix this, wrap the initialization of 'activeCart' in its own useMemo() Hook  react-hooks/exhaustive-deps
  Line 146:6:  React Hook useEffect has a missing dependency: 'handleRequestClose'. Either include it or remove the dependency array                                                                          react-hooks/exhaustive-deps

src\components\DeliveryRouteMap.jsx
  Line 14:7:  'toPoint' is assigned a value but never used  no-unused-vars

[39m[22m

webpack compiled with [1m[33m1 warning[39m[22m
Compiling...
Compiled with warnings.

[eslint] 
src\Pages\AdminDashboard.jsx
  Line 246:6:  React Hook useEffect has a missing dependency: 'fetchAll'. Either include it or remove the dependency array        react-hooks/exhaustive-deps
  Line 276:6:  React Hook useEffect has a missing dependency: 'notifyNewOrder'. Either include it or remove the dependency array  react-hooks/exhaustive-deps

src\Pages\RiderDashboard.jsx
  Line 83:6:  React Hook useEffect has a missing dependency: 'fetchOrders'. Either include it or remove the dependency array  react-hooks/exhaustive-deps

src\Pages\orderScreen\OrderScreen.jsx
  Line 100:9:  The 'activeCart' conditional could make the dependencies of useMemo Hook (at line 103) change on every render. To fix this, wrap the initialization of 'activeCart' in its own useMemo() Hook  react-hooks/exhaustive-deps
  Line 100:9:  The 'activeCart' conditional could make the dependencies of useMemo Hook (at line 112) change on every render. To fix this, wrap the initialization of 'activeCart' in its own useMemo() Hook  react-hooks/exhaustive-deps
  Line 146:6:  React Hook useEffect has a missing dependency: 'handleRequestClose'. Either include it or remove the dependency array                                                                          react-hooks/exhaustive-deps

Search for the keywords to learn more about each warning.
To ignore, add // eslint-disable-next-line to the line before.

[1m[33mWARNING[39m[22m in [1m[eslint] 
src\Pages\AdminDashboard.jsx
  Line 246:6:  React Hook useEffect has a missing dependency: 'fetchAll'. Either include it or remove the dependency array        react-hooks/exhaustive-deps
  Line 276:6:  React Hook useEffect has a missing dependency: 'notifyNewOrder'. Either include it or remove the dependency array  react-hooks/exhaustive-deps

src\Pages\RiderDashboard.jsx
  Line 83:6:  React Hook useEffect has a missing dependency: 'fetchOrders'. Either include it or remove the dependency array  react-hooks/exhaustive-deps

src\Pages\orderScreen\OrderScreen.jsx
  Line 100:9:  The 'activeCart' conditional could make the dependencies of useMemo Hook (at line 103) change on every render. To fix this, wrap the initialization of 'activeCart' in its own useMemo() Hook  react-hooks/exhaustive-deps
  Line 100:9:  The 'activeCart' conditional could make the dependencies of useMemo Hook (at line 112) change on every render. To fix this, wrap the initialization of 'activeCart' in its own useMemo() Hook  react-hooks/exhaustive-deps
  Line 146:6:  React Hook useEffect has a missing dependency: 'handleRequestClose'. Either include it or remove the dependency array                                                                          react-hooks/exhaustive-deps

[39m[22m

webpack compiled with [1m[33m1 warning[39m[22m
Compiling...
Compiled with warnings.

[eslint] 
src\Pages\AdminDashboard.jsx
  Line 246:6:  React Hook useEffect has a missing dependency: 'fetchAll'. Either include it or remove the dependency array        react-hooks/exhaustive-deps
  Line 276:6:  React Hook useEffect has a missing dependency: 'notifyNewOrder'. Either include it or remove the dependency array  react-hooks/exhaustive-deps

src\Pages\RiderDashboard.jsx
  Line 83:6:  React Hook useEffect has a missing dependency: 'fetchOrders'. Either include it or remove the dependency array  react-hooks/exhaustive-deps

src\Pages\orderScreen\OrderScreen.jsx
  Line 100:9:  The 'activeCart' conditional could make the dependencies of useMemo Hook (at line 103) change on every render. To fix this, wrap the initialization of 'activeCart' in its own useMemo() Hook  react-hooks/exhaustive-deps
  Line 100:9:  The 'activeCart' conditional could make the dependencies of useMemo Hook (at line 112) change on every render. To fix this, wrap the initialization of 'activeCart' in its own useMemo() Hook  react-hooks/exhaustive-deps
  Line 146:6:  React Hook useEffect has a missing dependency: 'handleRequestClose'. Either include it or remove the dependency array                                                                          react-hooks/exhaustive-deps

Search for the keywords to learn more about each warning.
To ignore, add // eslint-disable-next-line to the line before.

[1m[33mWARNING[39m[22m in [1m[eslint] 
src\Pages\AdminDashboard.jsx
  Line 246:6:  React Hook useEffect has a missing dependency: 'fetchAll'. Either include it or remove the dependency array        react-hooks/exhaustive-deps
  Line 276:6:  React Hook useEffect has a missing dependency: 'notifyNewOrder'. Either include it or remove the dependency array  react-hooks/exhaustive-deps

src\Pages\RiderDashboard.jsx
  Line 83:6:  React Hook useEffect has a missing dependency: 'fetchOrders'. Either include it or remove the dependency array  react-hooks/exhaustive-deps

src\Pages\orderScreen\OrderScreen.jsx
  Line 100:9:  The 'activeCart' conditional could make the dependencies of useMemo Hook (at line 103) change on every render. To fix this, wrap the initialization of 'activeCart' in its own useMemo() Hook  react-hooks/exhaustive-deps
  Line 100:9:  The 'activeCart' conditional could make the dependencies of useMemo Hook (at line 112) change on every render. To fix this, wrap the initialization of 'activeCart' in its own useMemo() Hook  react-hooks/exhaustive-deps
  Line 146:6:  React Hook useEffect has a missing dependency: 'handleRequestClose'. Either include it or remove the dependency array                                                                          react-hooks/exhaustive-deps

[39m[22m

webpack compiled with [1m[33m1 warning[39m[22m
Compiling...
Compiled with warnings.

[eslint] 
src\Pages\AdminDashboard.jsx
  Line 246:6:  React Hook useEffect has a missing dependency: 'fetchAll'. Either include it or remove the dependency array        react-hooks/exhaustive-deps
  Line 276:6:  React Hook useEffect has a missing dependency: 'notifyNewOrder'. Either include it or remove the dependency array  react-hooks/exhaustive-deps

src\Pages\RiderDashboard.jsx
  Line 83:6:  React Hook useEffect has a missing dependency: 'fetchOrders'. Either include it or remove the dependency array  react-hooks/exhaustive-deps

src\Pages\orderScreen\OrderScreen.jsx
  Line 100:9:  The 'activeCart' conditional could make the dependencies of useMemo Hook (at line 103) change on every render. To fix this, wrap the initialization of 'activeCart' in its own useMemo() Hook  react-hooks/exhaustive-deps
  Line 100:9:  The 'activeCart' conditional could make the dependencies of useMemo Hook (at line 112) change on every render. To fix this, wrap the initialization of 'activeCart' in its own useMemo() Hook  react-hooks/exhaustive-deps
  Line 146:6:  React Hook useEffect has a missing dependency: 'handleRequestClose'. Either include it or remove the dependency array                                                                          react-hooks/exhaustive-deps

Search for the keywords to learn more about each warning.
To ignore, add // eslint-disable-next-line to the line before.

[1m[33mWARNING[39m[22m in [1m[eslint] 
src\Pages\AdminDashboard.jsx
  Line 246:6:  React Hook useEffect has a missing dependency: 'fetchAll'. Either include it or remove the dependency array        react-hooks/exhaustive-deps
  Line 276:6:  React Hook useEffect has a missing dependency: 'notifyNewOrder'. Either include it or remove the dependency array  react-hooks/exhaustive-deps

src\Pages\RiderDashboard.jsx
  Line 83:6:  React Hook useEffect has a missing dependency: 'fetchOrders'. Either include it or remove the dependency array  react-hooks/exhaustive-deps

src\Pages\orderScreen\OrderScreen.jsx
  Line 100:9:  The 'activeCart' conditional could make the dependencies of useMemo Hook (at line 103) change on every render. To fix this, wrap the initialization of 'activeCart' in its own useMemo() Hook  react-hooks/exhaustive-deps
  Line 100:9:  The 'activeCart' conditional could make the dependencies of useMemo Hook (at line 112) change on every render. To fix this, wrap the initialization of 'activeCart' in its own useMemo() Hook  react-hooks/exhaustive-deps
  Line 146:6:  React Hook useEffect has a missing dependency: 'handleRequestClose'. Either include it or remove the dependency array                                                                          react-hooks/exhaustive-deps

[39m[22m

webpack compiled with [1m[33m1 warning[39m[22m
Compiling...
Compiled with warnings.

[eslint] 
src\Pages\AdminDashboard.jsx
  Line 246:6:  React Hook useEffect has a missing dependency: 'fetchAll'. Either include it or remove the dependency array        react-hooks/exhaustive-deps
  Line 276:6:  React Hook useEffect has a missing dependency: 'notifyNewOrder'. Either include it or remove the dependency array  react-hooks/exhaustive-deps

src\Pages\RiderDashboard.jsx
  Line 83:6:  React Hook useEffect has a missing dependency: 'fetchOrders'. Either include it or remove the dependency array  react-hooks/exhaustive-deps

src\Pages\orderScreen\OrderScreen.jsx
  Line 100:9:  The 'activeCart' conditional could make the dependencies of useMemo Hook (at line 103) change on every render. To fix this, wrap the initialization of 'activeCart' in its own useMemo() Hook  react-hooks/exhaustive-deps
  Line 100:9:  The 'activeCart' conditional could make the dependencies of useMemo Hook (at line 112) change on every render. To fix this, wrap the initialization of 'activeCart' in its own useMemo() Hook  react-hooks/exhaustive-deps
  Line 146:6:  React Hook useEffect has a missing dependency: 'handleRequestClose'. Either include it or remove the dependency array                                                                          react-hooks/exhaustive-deps

Search for the keywords to learn more about each warning.
To ignore, add // eslint-disable-next-line to the line before.

[1m[33mWARNING[39m[22m in [1m[eslint] 
src\Pages\AdminDashboard.jsx
  Line 246:6:  React Hook useEffect has a missing dependency: 'fetchAll'. Either include it or remove the dependency array        react-hooks/exhaustive-deps
  Line 276:6:  React Hook useEffect has a missing dependency: 'notifyNewOrder'. Either include it or remove the dependency array  react-hooks/exhaustive-deps

src\Pages\RiderDashboard.jsx
  Line 83:6:  React Hook useEffect has a missing dependency: 'fetchOrders'. Either include it or remove the dependency array  react-hooks/exhaustive-deps

src\Pages\orderScreen\OrderScreen.jsx
  Line 100:9:  The 'activeCart' conditional could make the dependencies of useMemo Hook (at line 103) change on every render. To fix this, wrap the initialization of 'activeCart' in its own useMemo() Hook  react-hooks/exhaustive-deps
  Line 100:9:  The 'activeCart' conditional could make the dependencies of useMemo Hook (at line 112) change on every render. To fix this, wrap the initialization of 'activeCart' in its own useMemo() Hook  react-hooks/exhaustive-deps
  Line 146:6:  React Hook useEffect has a missing dependency: 'handleRequestClose'. Either include it or remove the dependency array                                                                          react-hooks/exhaustive-deps

[39m[22m

webpack compiled with [1m[33m1 warning[39m[22m
Compiling...
Compiled with warnings.

[eslint] 
src\Pages\AdminDashboard.jsx
  Line 246:6:  React Hook useEffect has a missing dependency: 'fetchAll'. Either include it or remove the dependency array        react-hooks/exhaustive-deps
  Line 276:6:  React Hook useEffect has a missing dependency: 'notifyNewOrder'. Either include it or remove the dependency array  react-hooks/exhaustive-deps

src\Pages\RiderDashboard.jsx
  Line 83:6:  React Hook useEffect has a missing dependency: 'fetchOrders'. Either include it or remove the dependency array  react-hooks/exhaustive-deps

src\Pages\orderScreen\OrderScreen.jsx
  Line 100:9:  The 'activeCart' conditional could make the dependencies of useMemo Hook (at line 103) change on every render. To fix this, wrap the initialization of 'activeCart' in its own useMemo() Hook  react-hooks/exhaustive-deps
  Line 100:9:  The 'activeCart' conditional could make the dependencies of useMemo Hook (at line 112) change on every render. To fix this, wrap the initialization of 'activeCart' in its own useMemo() Hook  react-hooks/exhaustive-deps
  Line 146:6:  React Hook useEffect has a missing dependency: 'handleRequestClose'. Either include it or remove the dependency array                                                                          react-hooks/exhaustive-deps

Search for the keywords to learn more about each warning.
To ignore, add // eslint-disable-next-line to the line before.

[1m[33mWARNING[39m[22m in [1m[eslint] 
src\Pages\AdminDashboard.jsx
  Line 246:6:  React Hook useEffect has a missing dependency: 'fetchAll'. Either include it or remove the dependency array        react-hooks/exhaustive-deps
  Line 276:6:  React Hook useEffect has a missing dependency: 'notifyNewOrder'. Either include it or remove the dependency array  react-hooks/exhaustive-deps

src\Pages\RiderDashboard.jsx
  Line 83:6:  React Hook useEffect has a missing dependency: 'fetchOrders'. Either include it or remove the dependency array  react-hooks/exhaustive-deps

src\Pages\orderScreen\OrderScreen.jsx
  Line 100:9:  The 'activeCart' conditional could make the dependencies of useMemo Hook (at line 103) change on every render. To fix this, wrap the initialization of 'activeCart' in its own useMemo() Hook  react-hooks/exhaustive-deps
  Line 100:9:  The 'activeCart' conditional could make the dependencies of useMemo Hook (at line 112) change on every render. To fix this, wrap the initialization of 'activeCart' in its own useMemo() Hook  react-hooks/exhaustive-deps
  Line 146:6:  React Hook useEffect has a missing dependency: 'handleRequestClose'. Either include it or remove the dependency array                                                                          react-hooks/exhaustive-deps

[39m[22m

webpack compiled with [1m[33m1 warning[39m[22m
Compiling...
Compiled with warnings.

[eslint] 
src\Pages\AdminDashboard.jsx
  Line 246:6:  React Hook useEffect has a missing dependency: 'fetchAll'. Either include it or remove the dependency array        react-hooks/exhaustive-deps
  Line 276:6:  React Hook useEffect has a missing dependency: 'notifyNewOrder'. Either include it or remove the dependency array  react-hooks/exhaustive-deps

src\Pages\RiderDashboard.jsx
  Line 83:6:  React Hook useEffect has a missing dependency: 'fetchOrders'. Either include it or remove the dependency array  react-hooks/exhaustive-deps

src\Pages\orderScreen\OrderScreen.jsx
  Line 92:10:  'errorMessage' is assigned a value but never used                                                                                                                                              no-unused-vars
  Line 92:24:  'setErrorMessage' is assigned a value but never used                                                                                                                                           no-unused-vars
  Line 101:9:  The 'activeCart' conditional could make the dependencies of useMemo Hook (at line 104) change on every render. To fix this, wrap the initialization of 'activeCart' in its own useMemo() Hook  react-hooks/exhaustive-deps
  Line 101:9:  The 'activeCart' conditional could make the dependencies of useMemo Hook (at line 113) change on every render. To fix this, wrap the initialization of 'activeCart' in its own useMemo() Hook  react-hooks/exhaustive-deps
  Line 147:6:  React Hook useEffect has a missing dependency: 'handleRequestClose'. Either include it or remove the dependency array                                                                          react-hooks/exhaustive-deps

Search for the keywords to learn more about each warning.
To ignore, add // eslint-disable-next-line to the line before.

[1m[33mWARNING[39m[22m in [1m[eslint] 
src\Pages\AdminDashboard.jsx
  Line 246:6:  React Hook useEffect has a missing dependency: 'fetchAll'. Either include it or remove the dependency array        react-hooks/exhaustive-deps
  Line 276:6:  React Hook useEffect has a missing dependency: 'notifyNewOrder'. Either include it or remove the dependency array  react-hooks/exhaustive-deps

src\Pages\RiderDashboard.jsx
  Line 83:6:  React Hook useEffect has a missing dependency: 'fetchOrders'. Either include it or remove the dependency array  react-hooks/exhaustive-deps

src\Pages\orderScreen\OrderScreen.jsx
  Line 92:10:  'errorMessage' is assigned a value but never used                                                                                                                                              no-unused-vars
  Line 92:24:  'setErrorMessage' is assigned a value but never used                                                                                                                                           no-unused-vars
  Line 101:9:  The 'activeCart' conditional could make the dependencies of useMemo Hook (at line 104) change on every render. To fix this, wrap the initialization of 'activeCart' in its own useMemo() Hook  react-hooks/exhaustive-deps
  Line 101:9:  The 'activeCart' conditional could make the dependencies of useMemo Hook (at line 113) change on every render. To fix this, wrap the initialization of 'activeCart' in its own useMemo() Hook  react-hooks/exhaustive-deps
  Line 147:6:  React Hook useEffect has a missing dependency: 'handleRequestClose'. Either include it or remove the dependency array                                                                          react-hooks/exhaustive-deps

[39m[22m

webpack compiled with [1m[33m1 warning[39m[22m
Compiling...
Compiled with warnings.

[eslint] 
src\Pages\AdminDashboard.jsx
  Line 246:6:  React Hook useEffect has a missing dependency: 'fetchAll'. Either include it or remove the dependency array        react-hooks/exhaustive-deps
  Line 276:6:  React Hook useEffect has a missing dependency: 'notifyNewOrder'. Either include it or remove the dependency array  react-hooks/exhaustive-deps

src\Pages\RiderDashboard.jsx
  Line 83:6:  React Hook useEffect has a missing dependency: 'fetchOrders'. Either include it or remove the dependency array  react-hooks/exhaustive-deps

src\Pages\orderScreen\OrderScreen.jsx
  Line 92:10:  'errorMessage' is assigned a value but never used                                                                                                                                              no-unused-vars
  Line 101:9:  The 'activeCart' conditional could make the dependencies of useMemo Hook (at line 104) change on every render. To fix this, wrap the initialization of 'activeCart' in its own useMemo() Hook  react-hooks/exhaustive-deps
  Line 101:9:  The 'activeCart' conditional could make the dependencies of useMemo Hook (at line 113) change on every render. To fix this, wrap the initialization of 'activeCart' in its own useMemo() Hook  react-hooks/exhaustive-deps
  Line 147:6:  React Hook useEffect has a missing dependency: 'handleRequestClose'. Either include it or remove the dependency array                                                                          react-hooks/exhaustive-deps

Search for the keywords to learn more about each warning.
To ignore, add // eslint-disable-next-line to the line before.

[1m[33mWARNING[39m[22m in [1m[eslint] 
src\Pages\AdminDashboard.jsx
  Line 246:6:  React Hook useEffect has a missing dependency: 'fetchAll'. Either include it or remove the dependency array        react-hooks/exhaustive-deps
  Line 276:6:  React Hook useEffect has a missing dependency: 'notifyNewOrder'. Either include it or remove the dependency array  react-hooks/exhaustive-deps

src\Pages\RiderDashboard.jsx
  Line 83:6:  React Hook useEffect has a missing dependency: 'fetchOrders'. Either include it or remove the dependency array  react-hooks/exhaustive-deps

src\Pages\orderScreen\OrderScreen.jsx
  Line 92:10:  'errorMessage' is assigned a value but never used                                                                                                                                              no-unused-vars
  Line 101:9:  The 'activeCart' conditional could make the dependencies of useMemo Hook (at line 104) change on every render. To fix this, wrap the initialization of 'activeCart' in its own useMemo() Hook  react-hooks/exhaustive-deps
  Line 101:9:  The 'activeCart' conditional could make the dependencies of useMemo Hook (at line 113) change on every render. To fix this, wrap the initialization of 'activeCart' in its own useMemo() Hook  react-hooks/exhaustive-deps
  Line 147:6:  React Hook useEffect has a missing dependency: 'handleRequestClose'. Either include it or remove the dependency array                                                                          react-hooks/exhaustive-deps

[39m[22m

webpack compiled with [1m[33m1 warning[39m[22m
Compiling...
Compiled with warnings.

[eslint] 
src\Pages\AdminDashboard.jsx
  Line 246:6:  React Hook useEffect has a missing dependency: 'fetchAll'. Either include it or remove the dependency array        react-hooks/exhaustive-deps
  Line 276:6:  React Hook useEffect has a missing dependency: 'notifyNewOrder'. Either include it or remove the dependency array  react-hooks/exhaustive-deps

src\Pages\RiderDashboard.jsx
  Line 83:6:  React Hook useEffect has a missing dependency: 'fetchOrders'. Either include it or remove the dependency array  react-hooks/exhaustive-deps

src\Pages\orderScreen\OrderScreen.jsx
  Line 92:10:  'errorMessage' is assigned a value but never used                                                                                                                                              no-unused-vars
  Line 101:9:  The 'activeCart' conditional could make the dependencies of useMemo Hook (at line 104) change on every render. To fix this, wrap the initialization of 'activeCart' in its own useMemo() Hook  react-hooks/exhaustive-deps
  Line 101:9:  The 'activeCart' conditional could make the dependencies of useMemo Hook (at line 113) change on every render. To fix this, wrap the initialization of 'activeCart' in its own useMemo() Hook  react-hooks/exhaustive-deps
  Line 147:6:  React Hook useEffect has a missing dependency: 'handleRequestClose'. Either include it or remove the dependency array                                                                          react-hooks/exhaustive-deps

Search for the keywords to learn more about each warning.
To ignore, add // eslint-disable-next-line to the line before.

[1m[33mWARNING[39m[22m in [1m[eslint] 
src\Pages\AdminDashboard.jsx
  Line 246:6:  React Hook useEffect has a missing dependency: 'fetchAll'. Either include it or remove the dependency array        react-hooks/exhaustive-deps
  Line 276:6:  React Hook useEffect has a missing dependency: 'notifyNewOrder'. Either include it or remove the dependency array  react-hooks/exhaustive-deps

src\Pages\RiderDashboard.jsx
  Line 83:6:  React Hook useEffect has a missing dependency: 'fetchOrders'. Either include it or remove the dependency array  react-hooks/exhaustive-deps

src\Pages\orderScreen\OrderScreen.jsx
  Line 92:10:  'errorMessage' is assigned a value but never used                                                                                                                                              no-unused-vars
  Line 101:9:  The 'activeCart' conditional could make the dependencies of useMemo Hook (at line 104) change on every render. To fix this, wrap the initialization of 'activeCart' in its own useMemo() Hook  react-hooks/exhaustive-deps
  Line 101:9:  The 'activeCart' conditional could make the dependencies of useMemo Hook (at line 113) change on every render. To fix this, wrap the initialization of 'activeCart' in its own useMemo() Hook  react-hooks/exhaustive-deps
  Line 147:6:  React Hook useEffect has a missing dependency: 'handleRequestClose'. Either include it or remove the dependency array                                                                          react-hooks/exhaustive-deps

[39m[22m

webpack compiled with [1m[33m1 warning[39m[22m
Compiling...
Compiled with warnings.

[eslint] 
src\Pages\AdminDashboard.jsx
  Line 246:6:  React Hook useEffect has a missing dependency: 'fetchAll'. Either include it or remove the dependency array        react-hooks/exhaustive-deps
  Line 276:6:  React Hook useEffect has a missing dependency: 'notifyNewOrder'. Either include it or remove the dependency array  react-hooks/exhaustive-deps

src\Pages\RiderDashboard.jsx
  Line 83:6:  React Hook useEffect has a missing dependency: 'fetchOrders'. Either include it or remove the dependency array  react-hooks/exhaustive-deps

src\Pages\orderScreen\OrderScreen.jsx
  Line 92:10:  'errorMessage' is assigned a value but never used                                                                                                                                              no-unused-vars
  Line 101:9:  The 'activeCart' conditional could make the dependencies of useMemo Hook (at line 104) change on every render. To fix this, wrap the initialization of 'activeCart' in its own useMemo() Hook  react-hooks/exhaustive-deps
  Line 101:9:  The 'activeCart' conditional could make the dependencies of useMemo Hook (at line 113) change on every render. To fix this, wrap the initialization of 'activeCart' in its own useMemo() Hook  react-hooks/exhaustive-deps
  Line 147:6:  React Hook useEffect has a missing dependency: 'handleRequestClose'. Either include it or remove the dependency array                                                                          react-hooks/exhaustive-deps

Search for the keywords to learn more about each warning.
To ignore, add // eslint-disable-next-line to the line before.

[1m[33mWARNING[39m[22m in [1m[eslint] 
src\Pages\AdminDashboard.jsx
  Line 246:6:  React Hook useEffect has a missing dependency: 'fetchAll'. Either include it or remove the dependency array        react-hooks/exhaustive-deps
  Line 276:6:  React Hook useEffect has a missing dependency: 'notifyNewOrder'. Either include it or remove the dependency array  react-hooks/exhaustive-deps

src\Pages\RiderDashboard.jsx
  Line 83:6:  React Hook useEffect has a missing dependency: 'fetchOrders'. Either include it or remove the dependency array  react-hooks/exhaustive-deps

src\Pages\orderScreen\OrderScreen.jsx
  Line 92:10:  'errorMessage' is assigned a value but never used                                                                                                                                              no-unused-vars
  Line 101:9:  The 'activeCart' conditional could make the dependencies of useMemo Hook (at line 104) change on every render. To fix this, wrap the initialization of 'activeCart' in its own useMemo() Hook  react-hooks/exhaustive-deps
  Line 101:9:  The 'activeCart' conditional could make the dependencies of useMemo Hook (at line 113) change on every render. To fix this, wrap the initialization of 'activeCart' in its own useMemo() Hook  react-hooks/exhaustive-deps
  Line 147:6:  React Hook useEffect has a missing dependency: 'handleRequestClose'. Either include it or remove the dependency array                                                                          react-hooks/exhaustive-deps

[39m[22m

webpack compiled with [1m[33m1 warning[39m[22m
Compiling...
Compiled with warnings.

[eslint] 
src\Pages\AdminDashboard.jsx
  Line 246:6:  React Hook useEffect has a missing dependency: 'fetchAll'. Either include it or remove the dependency array        react-hooks/exhaustive-deps
  Line 276:6:  React Hook useEffect has a missing dependency: 'notifyNewOrder'. Either include it or remove the dependency array  react-hooks/exhaustive-deps

src\Pages\RiderDashboard.jsx
  Line 83:6:  React Hook useEffect has a missing dependency: 'fetchOrders'. Either include it or remove the dependency array  react-hooks/exhaustive-deps

src\Pages\orderScreen\OrderScreen.jsx
  Line 101:9:  The 'activeCart' conditional could make the dependencies of useMemo Hook (at line 104) change on every render. To fix this, wrap the initialization of 'activeCart' in its own useMemo() Hook  react-hooks/exhaustive-deps
  Line 101:9:  The 'activeCart' conditional could make the dependencies of useMemo Hook (at line 113) change on every render. To fix this, wrap the initialization of 'activeCart' in its own useMemo() Hook  react-hooks/exhaustive-deps
  Line 147:6:  React Hook useEffect has a missing dependency: 'handleRequestClose'. Either include it or remove the dependency array                                                                          react-hooks/exhaustive-deps

Search for the keywords to learn more about each warning.
To ignore, add // eslint-disable-next-line to the line before.

[1m[33mWARNING[39m[22m in [1m[eslint] 
src\Pages\AdminDashboard.jsx
  Line 246:6:  React Hook useEffect has a missing dependency: 'fetchAll'. Either include it or remove the dependency array        react-hooks/exhaustive-deps
  Line 276:6:  React Hook useEffect has a missing dependency: 'notifyNewOrder'. Either include it or remove the dependency array  react-hooks/exhaustive-deps

src\Pages\RiderDashboard.jsx
  Line 83:6:  React Hook useEffect has a missing dependency: 'fetchOrders'. Either include it or remove the dependency array  react-hooks/exhaustive-deps

src\Pages\orderScreen\OrderScreen.jsx
  Line 101:9:  The 'activeCart' conditional could make the dependencies of useMemo Hook (at line 104) change on every render. To fix this, wrap the initialization of 'activeCart' in its own useMemo() Hook  react-hooks/exhaustive-deps
  Line 101:9:  The 'activeCart' conditional could make the dependencies of useMemo Hook (at line 113) change on every render. To fix this, wrap the initialization of 'activeCart' in its own useMemo() Hook  react-hooks/exhaustive-deps
  Line 147:6:  React Hook useEffect has a missing dependency: 'handleRequestClose'. Either include it or remove the dependency array                                                                          react-hooks/exhaustive-deps

[39m[22m

webpack compiled with [1m[33m1 warning[39m[22m
Compiling...
Compiled with warnings.

[eslint] 
src\Pages\AdminDashboard.jsx
  Line 246:6:  React Hook useEffect has a missing dependency: 'fetchAll'. Either include it or remove the dependency array        react-hooks/exhaustive-deps
  Line 276:6:  React Hook useEffect has a missing dependency: 'notifyNewOrder'. Either include it or remove the dependency array  react-hooks/exhaustive-deps

src\Pages\RiderDashboard.jsx
  Line 83:6:  React Hook useEffect has a missing dependency: 'fetchOrders'. Either include it or remove the dependency array  react-hooks/exhaustive-deps

src\Pages\orderScreen\OrderScreen.jsx
  Line 101:9:  The 'activeCart' conditional could make the dependencies of useMemo Hook (at line 104) change on every render. To fix this, wrap the initialization of 'activeCart' in its own useMemo() Hook  react-hooks/exhaustive-deps
  Line 101:9:  The 'activeCart' conditional could make the dependencies of useMemo Hook (at line 113) change on every render. To fix this, wrap the initialization of 'activeCart' in its own useMemo() Hook  react-hooks/exhaustive-deps
  Line 147:6:  React Hook useEffect has a missing dependency: 'handleRequestClose'. Either include it or remove the dependency array                                                                          react-hooks/exhaustive-deps

src\components\DeliveryRouteMap.jsx
  Line 121:10:  'accuracyMeters' is assigned a value but never used  no-unused-vars

Search for the keywords to learn more about each warning.
To ignore, add // eslint-disable-next-line to the line before.

[1m[33mWARNING[39m[22m in [1m[eslint] 
src\Pages\AdminDashboard.jsx
  Line 246:6:  React Hook useEffect has a missing dependency: 'fetchAll'. Either include it or remove the dependency array        react-hooks/exhaustive-deps
  Line 276:6:  React Hook useEffect has a missing dependency: 'notifyNewOrder'. Either include it or remove the dependency array  react-hooks/exhaustive-deps

src\Pages\RiderDashboard.jsx
  Line 83:6:  React Hook useEffect has a missing dependency: 'fetchOrders'. Either include it or remove the dependency array  react-hooks/exhaustive-deps

src\Pages\orderScreen\OrderScreen.jsx
  Line 101:9:  The 'activeCart' conditional could make the dependencies of useMemo Hook (at line 104) change on every render. To fix this, wrap the initialization of 'activeCart' in its own useMemo() Hook  react-hooks/exhaustive-deps
  Line 101:9:  The 'activeCart' conditional could make the dependencies of useMemo Hook (at line 113) change on every render. To fix this, wrap the initialization of 'activeCart' in its own useMemo() Hook  react-hooks/exhaustive-deps
  Line 147:6:  React Hook useEffect has a missing dependency: 'handleRequestClose'. Either include it or remove the dependency array                                                                          react-hooks/exhaustive-deps

src\components\DeliveryRouteMap.jsx
  Line 121:10:  'accuracyMeters' is assigned a value but never used  no-unused-vars

[39m[22m

webpack compiled with [1m[33m1 warning[39m[22m
Compiling...
Compiled with warnings.

[eslint] 
src\Pages\AdminDashboard.jsx
  Line 246:6:  React Hook useEffect has a missing dependency: 'fetchAll'. Either include it or remove the dependency array        react-hooks/exhaustive-deps
  Line 276:6:  React Hook useEffect has a missing dependency: 'notifyNewOrder'. Either include it or remove the dependency array  react-hooks/exhaustive-deps

src\Pages\RiderDashboard.jsx
  Line 83:6:  React Hook useEffect has a missing dependency: 'fetchOrders'. Either include it or remove the dependency array  react-hooks/exhaustive-deps

src\Pages\orderScreen\OrderScreen.jsx
  Line 101:9:  The 'activeCart' conditional could make the dependencies of useMemo Hook (at line 104) change on every render. To fix this, wrap the initialization of 'activeCart' in its own useMemo() Hook  react-hooks/exhaustive-deps
  Line 101:9:  The 'activeCart' conditional could make the dependencies of useMemo Hook (at line 113) change on every render. To fix this, wrap the initialization of 'activeCart' in its own useMemo() Hook  react-hooks/exhaustive-deps
  Line 147:6:  React Hook useEffect has a missing dependency: 'handleRequestClose'. Either include it or remove the dependency array                                                                          react-hooks/exhaustive-deps

Search for the keywords to learn more about each warning.
To ignore, add // eslint-disable-next-line to the line before.

[1m[33mWARNING[39m[22m in [1m[eslint] 
src\Pages\AdminDashboard.jsx
  Line 246:6:  React Hook useEffect has a missing dependency: 'fetchAll'. Either include it or remove the dependency array        react-hooks/exhaustive-deps
  Line 276:6:  React Hook useEffect has a missing dependency: 'notifyNewOrder'. Either include it or remove the dependency array  react-hooks/exhaustive-deps

src\Pages\RiderDashboard.jsx
  Line 83:6:  React Hook useEffect has a missing dependency: 'fetchOrders'. Either include it or remove the dependency array  react-hooks/exhaustive-deps

src\Pages\orderScreen\OrderScreen.jsx
  Line 101:9:  The 'activeCart' conditional could make the dependencies of useMemo Hook (at line 104) change on every render. To fix this, wrap the initialization of 'activeCart' in its own useMemo() Hook  react-hooks/exhaustive-deps
  Line 101:9:  The 'activeCart' conditional could make the dependencies of useMemo Hook (at line 113) change on every render. To fix this, wrap the initialization of 'activeCart' in its own useMemo() Hook  react-hooks/exhaustive-deps
  Line 147:6:  React Hook useEffect has a missing dependency: 'handleRequestClose'. Either include it or remove the dependency array                                                                          react-hooks/exhaustive-deps

[39m[22m

webpack compiled with [1m[33m1 warning[39m[22m
Compiling...
Compiled with warnings.

[eslint] 
src\Pages\AdminDashboard.jsx
  Line 246:6:  React Hook useEffect has a missing dependency: 'fetchAll'. Either include it or remove the dependency array        react-hooks/exhaustive-deps
  Line 276:6:  React Hook useEffect has a missing dependency: 'notifyNewOrder'. Either include it or remove the dependency array  react-hooks/exhaustive-deps

src\Pages\RiderDashboard.jsx
  Line 83:6:  React Hook useEffect has a missing dependency: 'fetchOrders'. Either include it or remove the dependency array  react-hooks/exhaustive-deps

src\Pages\orderScreen\OrderScreen.jsx
  Line 101:9:  The 'activeCart' conditional could make the dependencies of useMemo Hook (at line 104) change on every render. To fix this, wrap the initialization of 'activeCart' in its own useMemo() Hook  react-hooks/exhaustive-deps
  Line 101:9:  The 'activeCart' conditional could make the dependencies of useMemo Hook (at line 113) change on every render. To fix this, wrap the initialization of 'activeCart' in its own useMemo() Hook  react-hooks/exhaustive-deps
  Line 147:6:  React Hook useEffect has a missing dependency: 'handleRequestClose'. Either include it or remove the dependency array                                                                          react-hooks/exhaustive-deps

Search for the keywords to learn more about each warning.
To ignore, add // eslint-disable-next-line to the line before.

[1m[33mWARNING[39m[22m in [1m[eslint] 
src\Pages\AdminDashboard.jsx
  Line 246:6:  React Hook useEffect has a missing dependency: 'fetchAll'. Either include it or remove the dependency array        react-hooks/exhaustive-deps
  Line 276:6:  React Hook useEffect has a missing dependency: 'notifyNewOrder'. Either include it or remove the dependency array  react-hooks/exhaustive-deps

src\Pages\RiderDashboard.jsx
  Line 83:6:  React Hook useEffect has a missing dependency: 'fetchOrders'. Either include it or remove the dependency array  react-hooks/exhaustive-deps

src\Pages\orderScreen\OrderScreen.jsx
  Line 101:9:  The 'activeCart' conditional could make the dependencies of useMemo Hook (at line 104) change on every render. To fix this, wrap the initialization of 'activeCart' in its own useMemo() Hook  react-hooks/exhaustive-deps
  Line 101:9:  The 'activeCart' conditional could make the dependencies of useMemo Hook (at line 113) change on every render. To fix this, wrap the initialization of 'activeCart' in its own useMemo() Hook  react-hooks/exhaustive-deps
  Line 147:6:  React Hook useEffect has a missing dependency: 'handleRequestClose'. Either include it or remove the dependency array                                                                          react-hooks/exhaustive-deps

[39m[22m

webpack compiled with [1m[33m1 warning[39m[22m
Compiling...
Compiled with warnings.

[eslint] 
src\Pages\AdminDashboard.jsx
  Line 246:6:  React Hook useEffect has a missing dependency: 'fetchAll'. Either include it or remove the dependency array        react-hooks/exhaustive-deps
  Line 276:6:  React Hook useEffect has a missing dependency: 'notifyNewOrder'. Either include it or remove the dependency array  react-hooks/exhaustive-deps

src\Pages\RiderDashboard.jsx
  Line 83:6:  React Hook useEffect has a missing dependency: 'fetchOrders'. Either include it or remove the dependency array  react-hooks/exhaustive-deps

src\Pages\orderScreen\OrderScreen.jsx
  Line 101:9:  The 'activeCart' conditional could make the dependencies of useMemo Hook (at line 104) change on every render. To fix this, wrap the initialization of 'activeCart' in its own useMemo() Hook  react-hooks/exhaustive-deps
  Line 101:9:  The 'activeCart' conditional could make the dependencies of useMemo Hook (at line 113) change on every render. To fix this, wrap the initialization of 'activeCart' in its own useMemo() Hook  react-hooks/exhaustive-deps
  Line 147:6:  React Hook useEffect has a missing dependency: 'handleRequestClose'. Either include it or remove the dependency array                                                                          react-hooks/exhaustive-deps

Search for the keywords to learn more about each warning.
To ignore, add // eslint-disable-next-line to the line before.

[1m[33mWARNING[39m[22m in [1m[eslint] 
src\Pages\AdminDashboard.jsx
  Line 246:6:  React Hook useEffect has a missing dependency: 'fetchAll'. Either include it or remove the dependency array        react-hooks/exhaustive-deps
  Line 276:6:  React Hook useEffect has a missing dependency: 'notifyNewOrder'. Either include it or remove the dependency array  react-hooks/exhaustive-deps

src\Pages\RiderDashboard.jsx
  Line 83:6:  React Hook useEffect has a missing dependency: 'fetchOrders'. Either include it or remove the dependency array  react-hooks/exhaustive-deps

src\Pages\orderScreen\OrderScreen.jsx
  Line 101:9:  The 'activeCart' conditional could make the dependencies of useMemo Hook (at line 104) change on every render. To fix this, wrap the initialization of 'activeCart' in its own useMemo() Hook  react-hooks/exhaustive-deps
  Line 101:9:  The 'activeCart' conditional could make the dependencies of useMemo Hook (at line 113) change on every render. To fix this, wrap the initialization of 'activeCart' in its own useMemo() Hook  react-hooks/exhaustive-deps
  Line 147:6:  React Hook useEffect has a missing dependency: 'handleRequestClose'. Either include it or remove the dependency array                                                                          react-hooks/exhaustive-deps

[39m[22m

webpack compiled with [1m[33m1 warning[39m[22m
Compiling...
Compiled with warnings.

[eslint] 
src\Pages\AdminDashboard.jsx
  Line 246:6:  React Hook useEffect has a missing dependency: 'fetchAll'. Either include it or remove the dependency array        react-hooks/exhaustive-deps
  Line 276:6:  React Hook useEffect has a missing dependency: 'notifyNewOrder'. Either include it or remove the dependency array  react-hooks/exhaustive-deps

src\Pages\RiderDashboard.jsx
  Line 83:6:  React Hook useEffect has a missing dependency: 'fetchOrders'. Either include it or remove the dependency array  react-hooks/exhaustive-deps

src\Pages\orderScreen\OrderScreen.jsx
  Line 101:9:  The 'activeCart' conditional could make the dependencies of useMemo Hook (at line 104) change on every render. To fix this, wrap the initialization of 'activeCart' in its own useMemo() Hook  react-hooks/exhaustive-deps
  Line 101:9:  The 'activeCart' conditional could make the dependencies of useMemo Hook (at line 113) change on every render. To fix this, wrap the initialization of 'activeCart' in its own useMemo() Hook  react-hooks/exhaustive-deps
  Line 147:6:  React Hook useEffect has a missing dependency: 'handleRequestClose'. Either include it or remove the dependency array                                                                          react-hooks/exhaustive-deps

Search for the keywords to learn more about each warning.
To ignore, add // eslint-disable-next-line to the line before.

[1m[33mWARNING[39m[22m in [1m[eslint] 
src\Pages\AdminDashboard.jsx
  Line 246:6:  React Hook useEffect has a missing dependency: 'fetchAll'. Either include it or remove the dependency array        react-hooks/exhaustive-deps
  Line 276:6:  React Hook useEffect has a missing dependency: 'notifyNewOrder'. Either include it or remove the dependency array  react-hooks/exhaustive-deps

src\Pages\RiderDashboard.jsx
  Line 83:6:  React Hook useEffect has a missing dependency: 'fetchOrders'. Either include it or remove the dependency array  react-hooks/exhaustive-deps

src\Pages\orderScreen\OrderScreen.jsx
  Line 101:9:  The 'activeCart' conditional could make the dependencies of useMemo Hook (at line 104) change on every render. To fix this, wrap the initialization of 'activeCart' in its own useMemo() Hook  react-hooks/exhaustive-deps
  Line 101:9:  The 'activeCart' conditional could make the dependencies of useMemo Hook (at line 113) change on every render. To fix this, wrap the initialization of 'activeCart' in its own useMemo() Hook  react-hooks/exhaustive-deps
  Line 147:6:  React Hook useEffect has a missing dependency: 'handleRequestClose'. Either include it or remove the dependency array                                                                          react-hooks/exhaustive-deps

[39m[22m

webpack compiled with [1m[33m1 warning[39m[22m
